1,-0.441903298200961,0.17051837681193
1,2.15157799767881,-0.40188996998204
1,-3.46580570398743,0.977001224930545
1,2.00400291403874,-1.27232530759132
1,-1.69950212244316,-0.836219830501221
1,0.964529264461522,-0.624376004089012
1,-1.13639144655275,-0.329679989538097
1,-0.249742398390606,1.06576951678186
1,-0.796163413443002,-0.396070653381003
1,-0.180143741876922,-0.6717578772129
1,1.82265278256824,1.67943807866362
1,-0.289982150256438,0.86423981341001
1,-0.661910395682752,0.109279108733989
1,0.582713419256869,-0.540617128429902
1,-0.413710527315071,0.491695671991994
1,-1.4402660370259,-0.709713945523094
1,-1.64583093023194,1.27320239782704
1,-0.889346224000524,0.915928145441532
1,2.18899742452294,-0.188822000620731
1,0.33373711868503,-0.527453188358231
1,-0.179264915998765,-1.25573972976087
1,0.280038986412598,0.293373934197942
1,-0.0886015622839778,0.886360711915888
1,0.549248683745092,1.48743104806781
1,0.749438309011601,1.96417322792304
1,0.372187884696072,1.67820621026843
1,-1.15445493317223,-1.86143772006003
1,-0.547249942783332,0.152424519652601
1,-1.56814870464418,-1.76524515519282
1,0.0459251790024097,-0.748631812208156
1,-0.208773141051992,-0.374343640520726
1,-0.519911935714591,0.00664220251599162
1,0.435845938939802,-1.45241223012256
1,-0.369710064573867,-2.41919865496569
1,0.625422599694922,-1.54228114332246
1,0.527735914314799,-0.173584282822541
1,-0.66889109137228,-0.845853622768693
1,-2.11858745370642,0.112987250906124
1,-1.33791159256836,0.0513628836399724
1,0.479421604625493,0.630434270059783
1,0.559007039276598,-1.07771509639717
1,-1.48061685992432,-0.298476070233142
1,-0.183716755212355,-0.573362571516029
1,0.899151947304149,0.297549667453874
1,1.55374014253461,0.140369141514193
1,-0.704424285490457,-0.884377884925506
1,0.1491220589466,-0.632783001413652
1,0.175055135930002,0.3486520294555
1,0.0967959127270046,-0.433737773314136
1,-1.56383616572822,1.20562547520248
1,0.581150614637036,0.187184581301693
1,0.459343207491454,0.026115281491994
1,1.25621222643013,-2.03925090248414
1,1.05466972813806,-0.00590530275707531
1,-1.03261631626274,-1.1340680854905
1,-0.60555362823529,-0.302574995640964
1,-0.340775308129699,-0.508824117022072
1,1.73128995450945,1.33879014498185
1,-0.38153882215032,-0.37830303146321
1,0.435708394934467,1.66022289566056
1,0.60387349759636,0.549650117232957
1,-0.169988717124061,1.87961899283252
1,-0.70919284801588,-0.629917541065302
1,0.190885421515546,0.712642190318555
1,0.703403782487488,1.61611517629532
1,-0.203287725383617,0.0782734855616463
1,-0.274110848848144,-0.986542774532711
1,-0.607928998183398,0.2099761251082
1,-0.539356376245344,0.436830914543655
1,-1.00621271828532,0.250531944364522
1,-0.402624911677639,-0.0445499065196346
1,0.674984573471534,-0.250023165649727
1,-0.773488942483146,0.156673981684097
1,-0.127895628010624,0.0448297196346012
1,0.871271614636228,-0.546806524455643
1,1.73425501069679,1.5413794792855
1,-0.545781306337308,0.860689371532772
1,0.394177960882488,-0.696624199971067
1,-0.583972633358316,1.30981203071646
1,-1.05454052248134,0.388429537874244
1,-0.279013179392633,-0.0711791587891763
1,-0.729105403105969,0.322350161947928
1,-0.00574668384799242,0.39830060094979
1,-1.25941324312311,0.886193032075706
1,0.43597123383956,-0.418356592226768
1,-0.457509480341547,-1.16479993555951
1,1.12723813519247,-1.1269238198492
1,-1.33669945752897,0.338032877209962
1,-0.861294658053218,0.293327717656812
1,-1.83065526242247,1.58943410357844
1,-0.833182329078629,-0.126933564214583
1,-0.168354301646838,-0.972240739580743
1,0.634736794152801,0.152897402120267
1,-0.319112377942187,0.00954210414439852
1,-0.664753424943617,0.352125845672831
1,1.93503078214345,-1.16378138206968
1,0.808098588875158,-0.178621092857465
1,1.08681634657967,-0.531817360782687
1,0.246250600804452,1.07540932038857
1,-0.450637244011856,1.01140744238152
1,-0.257182675709974,-2.28811562440837
1,-0.831288977529688,-1.30393910058619
1,-1.51837804242764,2.22173426640625
1,-0.350729574336081,-0.449805750686792
1,1.3556653517576,1.0199344759738
1,-2.27950581570647,0.326086831209627
1,-0.826191431817578,0.117191514720598
1,-0.485702225792209,-0.830969212822867
1,1.18176877832115,-0.695911076425763
1,0.952701993970034,-1.49294397767184
1,-1.01602134217051,1.24729409151193
1,-0.529710526792634,1.34709556377168
1,0.837670009439451,1.63367308064544
1,-1.39530613887488,-0.866946470090553
1,0.862305802651213,0.175337646992223
1,-1.33327414141211,-0.469994327557594
1,-2.22937709058301,-1.71616266572647
1,-1.28163051504889,0.297310775542
1,1.41315787852727,-2.26182488119141
1,2.26282187260895,0.590447451905711
1,1.8716208726065,0.73837259466371
1,-0.445934552911759,-0.12973967206958
1,1.59950158973157,0.423535279171981
1,1.32392437338489,1.44103795086451
1,-2.21677473642316,1.25875988899349
1,0.468556375798849,-0.671632793802417
1,-0.377473341680629,0.276157203911167
1,-0.13162801470487,0.761519662147687
1,0.125678516818841,0.714856259383288
1,-0.786706001258151,-0.857632176761128
1,0.395621388025575,-0.689944985710974
1,0.461407334547994,-2.2471039831712
1,1.33181856210421,1.18140317768585
1,0.990093387000781,-0.246680905670517
1,-0.427039599750398,0.500723315599093
1,0.103660408968779,-1.2412974135307
1,1.71676522416633,-0.484503943728895
1,0.144283271059742,-1.18369698740623
1,-0.691140842238161,0.471637189386628
1,0.692886855609021,-1.24594406962142
1,0.362348233973132,-0.880969489212848
1,-0.738522495957738,0.376431910889554
1,0.692650804149962,-0.511441680676867
1,-0.21850228518076,0.962925346712498
1,0.0636064319191517,-0.233620835598561
1,-0.855812583285122,-0.369191186506682
1,1.44765066031231,-1.32926215583427
1,-0.45700972350586,0.478808614425169
1,-0.0995480855237841,-0.782569579618453
1,1.42780043537627,-1.67726563885219
1,0.539627938282354,-0.198484292963746
1,0.474200733570338,1.04867737952782
1,4.11097485975848,-0.165039903225474
1,-0.195071804473462,0.146995463231125
1,-1.13674908633228,0.0461645637221054
1,-0.605750225001913,0.576742570381191
1,-0.853170787970883,0.475032017416068
1,1.83952581561716,0.155454059719799
1,-1.06435071288787,-0.0882309718767097
1,0.862642006223658,-0.15114554392224
1,-0.716094310512727,0.801555505657573
1,0.211450998224623,-1.08252105848252
1,0.0726893964728625,-1.93106008045707
1,-0.00666408068174493,1.30130126566505
1,-1.15502710508503,0.10485300480855
1,0.196281449203525,-1.65614648382133
1,-2.34899057113578,0.769764815418527
1,1.51550872541052,-0.111804133029359
1,-0.749302452381431,-1.01277758639144
1,-0.924979268535678,1.40512081355365
1,-0.672997583287965,0.0589379222233438
1,-1.33555854367449,-2.20010008168394
1,-0.537281987309298,-0.226752809280995
1,-1.04167382156332,-0.387307017258924
1,-0.532808584520622,0.684761982964292
1,-0.964215090557206,0.13764945169512
1,1.75949414475966,-1.09285500513726
1,-0.650763539421355,0.760012423612521
1,-1.8670529414468,-1.04252234421549
1,1.187040241731,-0.259667861278776
1,0.188323572567945,1.37608830900147
1,-0.639091360988614,-1.03495282533292
1,-1.15883662210051,-0.41506051214993
1,0.325744291289946,-0.789002380407627
1,1.82884716578436,0.876107668714052
1,1.36922745397276,2.33620440359434
1,-0.425674139676525,-0.219945386879306
1,1.12842395758237,-0.791304206306605
1,-1.20974949661575,1.32801618191265
1,0.556511621864924,-1.41949140573628
1,-1.93215654099304,-1.5111121481401
1,0.765068386576159,0.496047599112655
1,1.1688034182175,2.03682909187022
1,1.21638173365897,-0.254585609520492
1,-0.448362777943999,-0.0119429075235841
1,-0.318546015064734,-0.0521239189678485
1,-2.61777087298569,1.07113396450197
1,0.573914523768165,0.298800273033434
1,0.856838419293696,-2.40082765633098
1,-1.74523841230504,-0.304814517656087
1,1.99827601882013,-0.969443400511185
1,-0.390707750130647,-0.714866849414246
1,0.798977296697933,-1.19675573166955
1,-0.861548090638454,1.15079584127674
1,-0.0629205237898989,-0.434072113609439
1,0.516082918479404,-0.254043627469885
1,-1.13524811213511,-0.456528062942943
1,0.266591545010194,-1.64249950197243
1,-2.04851006413813,-0.159702207818412
1,-1.01944332372069,-0.201683606621886
1,-0.916916021913328,-0.329839984942846
1,-0.932493023697133,0.337317779818026
1,0.64101356780029,1.65063525323364
1,0.681034379902906,0.52323745114011
1,1.10157462459833,-0.0498213716895194
1,0.907204288559017,2.21732125058996
1,-1.36792881751732,1.06748689314088
1,0.438297289458452,-1.14754779677823
1,-0.00907434840114026,0.272068074306454
1,0.909794738382038,2.22261881974792
1,-0.416482325812245,-0.574794000955425
1,1.62777878114959,-0.337898418144165
1,-0.229968468678703,1.14594941619676
1,-1.21265292254872,1.50123452542014
1,0.294336617755935,-0.560960979418042
1,0.6441043054513,-0.210699569604907
1,0.266700236153054,0.640451745875616
1,-0.021984477974236,0.451888685865754
1,1.0807936233338,-0.946737078006032
1,-0.787182221394022,-0.325397038919459
1,-1.33909420609214,-0.153265317828588
1,1.51382818819155,-0.64113144272284
1,-0.508628669256262,-0.306567852648533
1,3.70749493794928,-0.0163333467686474
1,-0.570761076616355,0.959679125277789
1,1.447314457665,-0.258067756391084
1,1.67423401721677,0.337223816328122
1,-0.956646668006081,0.25082556301588
1,-0.705508944947248,0.0792898343872173
1,-1.29864376745189,-1.58066157608952
1,-1.46436346559491,0.476519101507499
1,0.741258889202536,1.18943092265277
1,-0.672142442623565,-1.19484957145743
1,-0.731111511985872,-1.15842728260964
1,-1.56648565068803,-2.01108275803919
1,0.277024977523463,0.431707284513135
1,-1.03869912026891,1.09839642445665
1,-0.079141402824587,0.978081446631398
1,-0.53866337257434,-1.41600722320325
1,-1.46954005989512,-0.3111656389558
1,-0.967835660594678,0.607010811243839
1,-1.02738370048923,-0.758177082586083
1,0.746497407032279,1.41143478058335
1,-0.0378423648181891,1.55429530106185
1,1.24352852764295,-0.195330400521787
1,1.02911198561479,-0.469677982238841
1,-1.71505777121864,2.07205750870098
1,-0.320367194270083,0.0828336890416717
1,-0.664748188831301,-0.692282297690208
1,0.92089421219868,2.06230963034135
1,1.37556321578594,0.406446751841164
1,0.553839299732029,0.342663457454974
1,-2.17371339257222,-1.8829300154526
1,-1.11618300476372,0.211352824482543
1,-1.36158500630713,-1.48436172219515
1,0.311990818760203,1.17100405939533
1,0.400333851800402,-0.385042643963077
1,2.14969286617538,1.41091960669127
1,0.471015408443623,0.750000750868073
1,0.159144252366967,-0.636854552930081
1,0.0176317334254705,0.245065582212498
1,-0.0747593253595938,0.18336297075391
1,-0.336561593029867,0.584755204113163
1,-1.10567321412697,-1.07037435921681
1,1.51415229537298,2.74935463114221
1,0.134194662312404,-0.429907226543935
1,-0.298595966181371,0.490180555752154
1,0.956280016603947,-0.531863723200057
1,0.20736770358938,0.1548883406918
1,0.275246051411545,-2.05692635318486
1,-0.997253948647159,-1.69547681196008
1,0.219399898810932,-0.858187227695886
1,1.2696825680301,-1.15599119308687
1,0.885718051460253,-0.586114722154623
1,-0.187193026341954,-0.648286731144701
1,-1.01871765645722,-0.356694591075329
1,-0.628590759845668,0.0440448049995152
1,-0.942440952764138,-0.632467416633296
1,-0.554697198040398,-3.02462794838298
1,-0.271162551637993,0.268348976762331
1,0.0966147825522604,-1.14697916728005
1,-0.357082324717251,-0.628301451203627
1,-0.427002580453165,-0.780404538951969
1,0.144079126187055,1.23656572592015
1,1.12253697556737,-1.14911538529208
1,0.170265450270529,-0.295678750392924
1,-0.171539854521335,-1.02327436697204
1,1.18328666864215,-0.904571961825504
1,-0.223559758652901,0.589332166987535
1,0.977256076390708,-0.181356859246985
1,-1.15021551344821,-0.454228786300077
1,0.170817769964026,-1.27933103938886
1,0.36086453582744,-1.46124273251738
1,0.279926330492395,0.890069669997269
1,-0.718548486205131,-0.110197296139078
1,-0.44026462362239,2.10940178889612
1,-0.480879926807,0.680690002858519
1,0.194799610540524,0.0416478002113145
1,-0.602590774043353,-0.992302811694691
1,2.1149701272594,0.647860460972111
1,0.450834125832248,-1.53008163423027
1,1.31301991063084,1.53342882682389
1,-0.730040393353715,-0.209866807507119
1,-0.107716957121601,-0.857750485693102
1,-0.157671418464759,0.0784692459206089
1,0.267315926678709,-0.383067254862936
1,-0.357067905390744,-0.488306647353977
1,-0.00886128813176096,0.848805240837048
1,0.361518616911231,0.193453125315095
1,1.27980665648305,1.89412065815227
1,2.31016357715231,-1.70225597366407
1,0.487310294881961,-1.54337556750228
1,-0.50639125014453,0.034079990113963
1,0.173160494579331,-0.883278240154627
1,-0.00857942601255214,-0.126291266885818
1,0.748208945139449,-1.24381912936596
1,-0.801277254064246,0.465578074616341
1,-0.0584514075513517,-0.473035142716602
1,-1.41006382740967,-0.262142573715348
1,1.42515585282904,0.038694748832454
1,-0.396527052062924,0.105454186799952
1,-0.0967681759358433,0.598067697407868
1,0.910156177339496,0.0714327185505846
1,-2.46479977411785,1.61371476597315
1,-1.85490604660183,-2.08548978139962
1,1.49011056044538,1.09486303397297
1,0.684102260045651,1.23504018872144
1,0.599228195654587,2.30431947497929
1,0.461116151038469,-0.593303191823369
1,1.03868235371694,0.0631512323865422
1,0.194747483799518,-0.946683816574963
1,-2.00992741309693,0.624396107825296
1,-0.450969042081847,0.534817856754695
1,-0.677526623888478,-0.0644384135171206
1,0.954940046209092,-0.720922097139065
1,-0.272940923528463,0.13243167936964
1,1.3968077993277,1.35052543094034
1,1.64496638252367,1.26401390511177
1,-1.00455279061925,-0.336324425732577
1,-1.312586920787,-0.0257729513678129
1,0.0433887972598039,0.582713470985017
1,-0.995453116260556,0.858132491994332
1,-2.49654047701427,0.159891562131201
1,1.14849708783775,-1.59324848794579
1,1.34853849899334,0.180481122447551
1,-2.02320702563937,1.88440436740772
1,0.704400625428692,1.36618603680135
1,-0.967317870717098,-0.40116990492103
1,-0.0328157465210557,-0.0344942184541669
1,0.257575602610254,-0.409886626321677
1,-1.07650921542859,2.20406980159584
1,-0.0739403409458427,1.0864599522244
1,0.171603508022671,-0.892423749368462
1,0.244921040630032,0.265712706024464
1,-0.601587782858264,-0.290707322709644
1,1.35434571342058,0.329078930286154
1,0.290193927195829,-0.195384488539964
1,0.247368600222325,-1.86202338333949
1,2.49304277246497,-0.137106365573862
1,1.00530484458136,-0.0316238279033078
1,0.494027467263467,-0.495715424710745
1,-1.07456836335672,1.08920392377898
1,0.696698200790754,1.3791528546595
1,-0.500037570665147,1.8613031896469
1,-1.05781402607861,-0.0845537304901945
1,0.0673080401253092,-1.9036414584263
1,1.62381429909608,-0.647423138062802
1,1.60410012671405,-0.664337805007235
1,1.05961998882414,-0.724786472727448
1,-0.190221920044838,0.785377555669614
1,-1.45836397857288,-0.639103283610331
1,-0.43032488615431,-1.80308373363565
1,0.41878066140682,-0.6815538301478
1,-0.950749750892126,-0.290148609726931
1,0.0500166988099877,-0.0435956231542636
1,1.80413235772104,2.11359650853041
1,0.675239312800142,-1.53042695791448
1,1.98658575968735,-0.141303858325739
1,-1.11717300004688,-0.931721241867518
1,-0.180599601270628,1.12004999953751
1,-0.606968671522636,0.273142779617337
1,-1.83111119779588,0.550074192182215
1,-0.323075451585112,1.02500678052091
1,-0.289100062183243,-0.301458533004516
1,-0.387709371480958,-0.359524662963379
1,-0.223736449424429,0.278594878604837
1,1.96177145148379,0.292138145134556
1,0.34383905956945,0.652569236257314
1,-1.15784101515455,1.30664167142722
1,0.852804193792315,0.179940618738485
1,1.34939809593449,0.379725535493269
1,0.414974601298454,-2.23731529704675
1,0.867744081519786,1.79379525894294
1,-0.860364945526632,0.800730369660239
1,-0.508721810815019,-0.41821347725098
1,0.865849104106275,0.653494347075896
1,0.384744982478647,1.81562120845084
1,-1.64831042143689,-0.412524238839174
1,0.931488883860464,-0.652383181889829
1,1.26050364139081,1.2594946145136
1,0.398110783474738,0.0596942852391182
1,0.649463233249563,0.490800072328606
1,-1.68127887928624,0.526408377659471
1,0.129003228900688,0.219271621227696
1,0.526090672713438,-1.26481242913341
1,-0.501221856669238,-1.45784429070572
1,-0.416097920132223,-0.167355618668525
1,-0.165075393110764,-1.6093892455847
1,-1.25714496887029,-0.325049729962924
1,-0.869356903922274,1.55959681649101
1,-1.21976418374043,-0.718590314740444
1,0.608231698610921,-0.226989980005409
1,1.28098633300794,-1.25368120960892
1,-1.03456216394209,0.564589251581695
1,0.568209044354544,0.636906963224606
1,-1.97466482178366,-0.463239197635874
1,-1.13866195806064,-0.231252698454428
1,-0.311378192076051,0.754677160705134
1,-1.4643946434536,0.252654346979887
1,-0.55749539525585,-1.13894974652994
1,-0.18216447212732,0.13800216196992
1,0.0396395047340724,-0.899869813001534
1,-0.0583607237721463,0.204810284961161
1,2.22621337069735,0.0332220605628711
1,0.168513459350563,0.271303601131044
1,-0.116713719110521,-0.49891911044646
1,1.68798758724043,2.16960916326815
1,0.652756706875626,0.4137615046616
1,0.62403565826236,-0.371107887607412
1,1.35691370670342,-1.46897689613933
1,-0.917937509029185,-1.54626960157313
1,-1.64685500402488,-0.149027601026367
1,-0.821595062939875,-0.721185996735381
1,-1.72706158872897,0.791756167850368
1,-0.460355137051371,-1.20065510548595
1,0.378890086423118,0.392269146772585
1,-1.24947210483696,2.10596111017035
1,0.652849149541478,-1.65661229717234
1,-1.49976848546051,-0.285317866922045
1,-0.601885052110292,1.20555948623333
1,0.708051321914232,-1.61303588496276
1,-0.0954540660238546,1.55827840017835
1,0.224798801706335,-1.13275893083136
1,-1.12023906896332,2.09672365893445
1,0.681127248961212,-0.950826364003021
1,1.51410165139946,-0.194483452136046
1,-0.505505114813868,-0.748387091822926
1,-0.806335130144083,-0.161415681398563
1,0.261591071710816,-2.13085664616605
1,-2.38375654797502,0.730438519785325
1,-0.433041671813641,-0.0288561722397761
1,-0.761120220138897,-1.3088126599363
1,-1.24929308269716,0.235356197850972
1,0.429680685546686,0.571740747314425
1,-0.162617653971482,-1.15016553425835
1,0.346389071849918,1.36625494044924
1,1.31148281263365,-0.323764010850212
1,-1.14993508861968,-1.37432614850633
1,-0.70439460717317,1.88913442532661
1,1.41401347856534,-1.23160092914299
1,-0.439680168410368,0.590958991963982
1,2.81097027304239,-0.035299099832843
1,-0.251490225279062,0.590077288431955
1,-0.207107628523979,-1.76035666548953
1,0.865040021865344,-0.225460307147452
1,1.64044909175852,-0.763945207992961
1,-0.949448072942929,0.950331943202855
1,1.05141866561987,0.932354679684832
1,-0.171491257047563,0.658039752894551
1,-1.80216684494003,-1.31664065939035
1,0.511404708352509,1.1218416568535
1,-0.932452511145438,-0.176753787107217
1,1.4010752666408,0.318262987765514
1,0.0183041801638839,0.498057670951758
1,3.08615527231159,0.296350647961121
1,-1.6047398088726,1.34763003437147
1,1.77382666763125,1.0509389341211
1,0.44396503906116,-0.182416989173801
1,0.70837566682775,-0.0245940556521466
1,1.69776330352151,-0.692933118750488
1,-1.18685743366631,0.39328404181888
1,0.131284002405425,-0.618760710720728
1,1.16890948088422,0.755573167061693
1,-0.49456669887689,1.32403428581284
1,-0.26515430658248,0.876129915111809
1,1.38628453561474,0.720664790770897
1,-0.693906433904758,-0.979725021247687
1,-0.922607049105542,-0.00538600681346712
1,0.621800682833423,-0.361100700648981
1,-0.27976573597452,-0.136305680740955
1,-0.704596788221115,-0.705998462432699
1,1.31681549194667,0.257413275431958
1,-2.40677733599774,0.292302104816688
1,0.532915596055831,1.63949809001743
1,0.736624113491044,0.769488162070355
1,-1.21523907019828,-0.738515618875105
1,0.193759452831037,1.42408911263042
1,1.43621824603875,0.654959873549746
1,-1.5006523579523,0.513019414138342
1,-1.41706592708196,-1.09428690395705
1,-0.413782248865411,0.601442509022773
1,-0.480347186092966,-0.00840951274882039
1,1.21028462891325,-1.35524726003616
1,2.06608009733803,1.32437054126991
1,-0.715753998200328,-0.568178983820912
1,-0.774236020789647,-0.382477340883767
1,2.16694979656697,-2.43026483493839
1,-1.02386794205488,-0.529399607774751
1,-1.12242573290516,-0.21859854766129
1,-0.6601556199271,1.62903132190078
1,-0.961647240807374,0.624673971811151
1,0.231126581917658,1.00874594734419
1,-0.204932457348041,0.430596503522613
1,-1.91530118778406,-1.40159241298962
1,-1.30646985829206,-1.42313457164919
1,0.355396888270806,-1.34881720003306
1,-0.940521584511443,0.740655339437431
1,-1.25383118994251,0.489918009457259
1,1.01556240248317,0.851234629057117
1,0.222433134838798,-1.3437950345106
1,0.396570786465429,1.21228134969883
1,-1.12100946971305,0.480630226647161
1,0.188642802422348,1.23741682113642
1,0.494761510254665,-0.875714155366404
1,-0.932249341887185,0.367512239732583
1,0.609355981424178,-0.110464462766962
1,1.25795679472238,-1.94700103254417
1,-0.822448143350972,-0.18742502329177
1,2.9889128767773,0.279045826739162
1,-0.637142271719475,0.651217715517492
1,1.58415000862503,-0.742507956217837
1,-1.56619213123086,-1.06991362763004
1,0.994367234178595,-0.261637359009702
1,-0.478445036251738,-0.31391537828561
1,-0.751031398504353,0.769334717266584
1,-1.19758094868059,1.06642190271351
1,-1.21344706377229,1.72567805583822
1,0.339627558595871,-0.214736398860682
1,-1.02854724865997,0.84807559773947
1,0.854765618322221,0.745980492237244
1,-0.468945569567796,-0.868274367469777
1,-0.544621024507113,1.95774601534486
1,-0.495613431394567,-1.36921513261808
1,-0.588084331540052,-1.69724991882515
1,0.385070639853556,1.11012764515802
1,1.56909856364115,-0.0152243995335692
1,-2.91159448369963,-1.72752363399705
1,1.77498050210047,-0.663103387270661
1,-0.259657563397301,-0.522950466901514
1,1.75462613231492,0.836015206747999
1,-0.202599513912983,0.429447741548588
1,-0.696046738810623,-0.397592174233579
1,0.027779176115124,0.329951259756283
1,-0.564893708506206,0.582689406110197
1,0.164866338156396,-1.39166501909302
1,1.20141033823853,1.37232070838602
1,-0.0310578798643385,-1.43753371362841
1,1.43210758383265,-0.69299394513232
1,-2.11576593788707,-0.828571258589884
1,1.55903148633862,-0.560965688849808
1,-0.0878102920699905,-0.519924850264349
1,0.212934225988498,1.75001841227461
1,-0.0130805211783183,0.51761576856735
1,-0.564063626583165,0.674642999385444
1,-0.222852088193143,0.179081664375072
1,1.11734839868399,-0.0961197933871783
1,-1.07196119309147,-0.596312334991959
1,-0.463454157053128,-0.109589890116922
1,-0.280101377614583,1.31095744365182
1,-1.05201990109566,0.871932037182925
1,-1.5429445940862,-0.470501735142672
1,1.70512410405875,-1.6658934559053
1,-0.86155098249865,-0.561548382613291
1,0.682503162899718,0.892460873091016
1,0.658311077526686,-0.660519362112185
1,1.47717266414065,-0.447077554494233
1,0.972574343141036,-1.51901605611446
1,-1.27508642733607,-0.463759568273865
1,-0.62149484285716,-0.497799819473392
1,0.735047986882565,0.498960665297124
1,-0.374808888073555,0.344454123166958
1,-0.993061599807378,0.497297867766808
1,-1.36261993975685,0.250921181952917
1,0.381497034331218,1.18481174348392
1,0.200039840657366,-0.180947445094115
1,-0.859787881173477,-0.851443739200799
1,-2.2652895230585,-0.486156452284206
1,-1.46253615058445,-0.104966124171566
1,-1.82921881797231,-1.01673126697084
1,0.59564951737646,-2.59744139797517
1,-0.143377233556283,0.976137025042691
1,0.259076079014298,0.342455768413639
1,-0.00899369765921836,0.558465827751597
1,0.196683953290912,0.34574223546098
1,0.690060263848729,0.662512293608652
1,0.290720161262684,-0.0885270757184675
1,1.3466995824752,-0.313328596602523
1,-0.923466221792533,-0.557530369799036
1,1.10855360396072,1.53471309283751
1,0.268162676415277,0.535738049399327
1,-0.261997154697261,0.762973694892781
1,-0.279866578432207,-0.543934095226464
1,-2.32634322201044,-2.27298433943449
1,0.350904818107066,-0.0332857498161876
1,-0.2885840778887,-2.15361181894863
1,-0.31424889752848,-0.0237247466422384
1,-0.0994872196453437,-0.83593203826512
1,1.37458569337691,1.3843694886619
1,-1.62382366187807,-2.54412899784303
1,-0.853730280392044,-0.526588830925165
1,-0.453744040782294,-0.376488005404156
1,0.528241007736833,2.09442397330469
1,-0.281503094914369,-0.312405208106736
1,1.00117209274594,0.104553679997387
1,0.350499929632311,-1.81053738544673
1,0.974810178724491,-1.35849889456514
1,1.98987855236497,0.313314004474438
1,-0.749077727418037,-1.42693156619633
1,-2.31177121742024,0.434641974175736
1,-0.175184335902179,-0.696826022182224
1,0.621469245145785,1.01119449449076
1,-2.42003492659402,0.311752448310116
1,-0.519617804923945,-0.0317169088697929
1,-1.40120824426002,0.740630059885161
1,1.23693284791912,0.674722441135
1,0.562834611436997,-1.16750897576899
1,0.633433846326735,-1.5342321883186
1,-0.393835251793434,0.27461810087577
1,1.64373912829574,0.700170216747334
1,0.158600017338051,0.331164037817037
1,-0.565309328037044,0.406570083493761
1,0.481660016588429,-0.985317227746392
1,-0.395861925796495,0.396160798366106
1,0.370838395361271,0.736437251783966
1,0.339418876314712,-1.01861727281352
1,-1.54537731485368,1.74747828665475
1,-0.277463961169492,-0.130432274191548
1,-0.947254420321165,-0.658344861458924
1,0.314897066213412,0.688770691476187
1,-0.812009874335077,0.495832117178418
1,-0.704749000852787,0.834040433222495
1,-1.47998748027456,1.29155627282927
1,-1.19208045701191,1.45512449074121
1,-1.12135178795671,0.476090720861149
1,-0.184091706314054,0.823848356590001
1,0.410896643727742,0.588083528156011
1,1.56944124395626,0.391308791239625
1,-0.418650901212473,-1.03309866150173
1,0.347833444342832,2.26472945486554
1,-0.0771685047111635,-1.66471040897155
1,-0.34027863576781,-1.57566142575703
1,-0.924428035472938,1.53952900936334
1,1.95937228078471,0.113433577685237
1,0.751508497297157,0.138517461051064
1,-0.825303858781251,2.16913938601413
1,0.971136422194015,-0.77363574511608
1,-1.77346503485161,-1.63862710813024
1,0.472048004748262,-0.0904841587098793
1,0.629512038263214,-0.196066815320356
1,-0.467827720788643,0.929297627121355
1,0.368832463224675,0.681217283766658
1,-0.267555528543033,0.656262998111495
1,-0.856575178353647,-0.678941751434191
1,-0.967669924813416,0.472994456976881
1,-0.150328000154236,0.906192471076413
1,0.143446912443838,-0.300527625636709
1,-0.303867935955193,-0.784717875952457
1,-0.763819171256131,-1.12879541142507
1,-1.21960266289503,0.217456986140803
1,-0.710376382540838,-0.768522965423999
1,-1.2574965560319,-0.177343784669277
1,1.07494844104144,1.08100088587358
1,0.490047095980317,-0.779683924161558
1,-0.821036918970675,0.723185144490232
1,-1.26706011171494,-0.340215870523752
1,1.16959113520534,0.23578895957066
1,0.0821754372378355,0.448264156690423
1,-0.275626722204511,0.210934767869299
1,-1.01165005145456,0.407821517231124
1,0.0426093355323436,0.538181181323338
1,0.122404797843724,-0.0055487923188455
1,0.44054975423185,-0.772648587789272
1,0.360006349452138,-2.121772546905
1,0.0460270402826981,-1.5022864574772
1,0.44605525914896,0.417086292446296
1,-0.367702298862671,-0.62907549188089
1,-0.528891762905174,1.29441891608636
1,0.498630396363797,-0.0912280307777281
1,0.333936145690275,-2.24311672168488
1,-1.92489569849766,0.0793366035710254
1,-1.58595140050529,0.661818043596473
1,1.69343014050877,0.406222830127306
1,1.24420377915583,-0.0560605859790059
1,-0.00693504130801133,0.117551331732
1,-1.0102721571978,-0.698655300551587
1,-0.344390416518425,-1.08595219412426
1,0.172170129554037,-0.476483175394672
1,0.687843831983826,1.42632858596469
1,1.78623182563709,1.62263143150998
1,0.436551051771409,0.67020967028306
1,-0.0302741110499865,-0.360593196819737
1,0.197785159432787,0.919199221524114
1,-0.69911970988235,1.5535226683498
1,-1.50727895956231,-1.40181552932937
1,-0.364581303904938,0.28676943598865
1,1.01751004794498,0.593520526884248
1,0.51537796747572,-0.384850879556597
1,-0.836702968696623,-1.65591462401789
1,-0.124183438943381,-1.16594113336742
1,-0.325928226491302,0.43227039541948
1,0.724624453480833,-1.54853050624902
1,-0.34929054774886,0.985869471603863
1,0.181933467130556,1.35093895842216
1,0.158994987944146,-0.196621773775496
1,0.0757097672854929,-0.0184930521203783
1,1.63571369437044,-0.449063331816015
1,0.221027764639271,1.01848267125327
1,-0.274110074300307,1.11725277336566
1,0.558945700496825,0.766756392818626
1,-0.91212288141503,1.146630964882
1,0.769644659757757,2.02549116871671
1,-2.12538483869887,2.04898620846327
1,-1.32933426514142,-0.483681513102025
1,-0.59831447692078,-1.26111800009079
1,0.741592306869778,0.87073772133563
1,-1.42939880663392,0.250093773952716
1,1.79894024067353,-0.44536391611238
1,0.162742470735867,-1.00951090401881
1,-0.416851989633302,-1.32104776498569
1,2.23288023964667,0.0104703794034189
1,0.808560789534063,0.220670504462599
1,0.312661436380559,-0.610662260569806
1,0.760401204100656,0.629667415077223
1,1.53224298674714,1.24857383269907
1,-0.811431104939064,-0.602814312235774
1,0.860139898858199,0.295748548529653
1,1.72045105186832,1.17110743678445
1,0.287242428462475,0.414933846485099
1,1.26069150369584,-0.868693255589375
1,-0.473356305986194,-0.763205628691776
1,0.567710354205906,-1.01081770814705
1,0.360535690334576,-0.426233089334052
1,0.735688957790366,1.37220973276519
1,-0.794176766319272,-0.650168649846413
1,-0.0936836253651087,-0.323386724259753
1,0.688187872560173,-0.196988006642198
1,1.29640628243049,1.20061535208657
1,0.0487747233070706,-1.05212248305904
1,0.127709112733393,0.671443095344413
1,1.82747398761071,1.40804708859759
1,0.361890920601899,0.0183688162779331
1,0.357067718419698,0.45727153730017
1,0.713591302135245,-0.0276483937032986
1,0.0348674900185866,0.390678507267736
1,-2.72968680288108,0.557450193704268
1,0.432282166671503,1.41223166908785
1,-0.671001436555747,1.14469511436752
1,-0.813260428130209,-0.714219510803664
1,-0.296459468062955,0.565121742240886
1,-0.579197036764505,0.0609603838302422
1,-0.0741383951018827,0.974561581539897
1,-0.549629821666125,-0.038174285141155
1,0.490855654968039,0.782315444788638
1,0.306459333072774,-0.64516011026594
1,1.07328681894213,-0.0478379906863224
1,-1.23637982740178,-0.826607408860233
1,2.19850160297967,-1.10163405678071
1,0.85020781980359,0.254335899189658
1,0.75335798562871,-0.956362685080809
1,-1.00079801715202,0.054730886627784
1,-1.8910661952879,-0.907586073220723
1,0.720824155200156,0.971245096637252
1,-0.110471339709666,0.807314355727649
1,-0.864922330282493,0.256259737911206
1,-1.0580086507565,-0.582689834297344
1,0.657587788305321,-1.57729998824545
1,-0.380305264784488,-1.05366616102843
1,1.32946618816933,-1.0094271671565
1,0.207820783367808,-1.57632465755114
1,0.527425013541524,0.884370114437268
1,-0.989330880112424,-0.254635675725232
1,0.262722854947771,0.427230463834111
1,0.332020524473467,0.0191168837374463
1,0.676038516297971,0.450261796060194
1,0.0875329357351942,-0.476465335522489
1,-0.200053305721172,-2.15708504721781
1,1.23425381689106,-0.634466529033861
1,-2.42924875227989,0.0951272645409597
1,-0.524051225434674,-0.37008259252933
1,0.335688847093415,-0.525000624041387
1,-1.15925142315512,-0.514362590489666
1,-0.124266307458171,-0.710566217584394
1,0.751469747852813,0.616507360217897
1,-0.963242808762829,-0.605686593756733
1,-0.390780395680488,0.812649662381255
1,0.708715080520141,-0.510701014614004
1,-0.231022749718851,-1.17563750951172
1,1.17421245787374,0.939481703307769
1,-0.000547600628080575,-0.213752643964629
1,-0.027353036749428,-0.169798859675926
1,-0.111568479505313,0.779500079713664
1,0.938525039544829,-0.37713476728542
1,3.28959633048714,-0.83482882746578
1,-2.08415969220802,2.19532989175066
1,1.7731373389132,0.478376842721722
1,0.280630648910827,1.10186549204843
1,2.23298321926442,0.270231071046763
1,1.43438257947197,0.192460213110739
1,0.781082576260368,-1.64194424024065
1,0.414173646323023,0.0678244487720276
1,-1.72653833630092,0.857869689595029
1,-0.0467046468822934,0.565318180830443
1,-0.482755653052213,0.994653163396719
1,0.595469632072488,0.826725284955695
1,-0.0976703465247773,-0.572832927674773
1,-0.151005300162684,-1.05665313815535
1,0.046788239393978,-1.07727454262509
1,2.01819430223143,0.660548757667977
1,-0.247068363187376,1.30286769862446
1,-0.261371859327616,0.901562022559048
1,-1.13423470426237,-0.667003399973034
1,2.29748417826483,0.0989887860473492
1,0.0866495308745215,-0.380173921402821
1,0.608648354145588,-0.500379068227124
1,0.956986830176449,-0.357846907999995
1,0.790268487744787,-1.00125659008287
1,-0.706035025961211,-0.501421991439482
1,-1.03603721014074,0.0271662994524986
1,0.136194912822377,2.39566855742074
1,-0.0318521040263394,-1.54522099517133
1,-0.95320297073094,-0.17063239403849
1,-2.49857023429963,-0.703088114894155
1,2.15272939654357,0.629168698640195
1,-0.825536029331833,-1.70958500327907
1,-0.30622633495877,0.184997765351146
1,-1.85329233821978,1.50168831108914
1,-0.955971991293145,0.0120686366427143
1,1.76631880944883,1.39356534349115
1,-0.269121605666885,1.09317604768085
1,1.40688482168926,1.21563544509209
1,0.190069876377382,0.331884498447524
1,-0.971088615142088,0.17909121400206
1,0.489693108923641,-1.19770149229206
1,-1.26939203885926,-0.790320113191297
1,0.472714507131812,1.55544891908597
1,0.792317279639918,-1.43315969591344
1,0.78169283951345,0.531904346554243
1,-0.66327948654707,0.463517747044367
1,0.984260277752564,0.0845946615226062
1,1.3328099945052,-0.347511818838722
1,1.20840376401013,-0.649648181676926
1,0.00294655363193805,0.816120197221268
1,-1.07340537874607,-1.47895359992909
1,-0.320093611397754,0.349533529260194
1,-0.104662688000204,-0.456399235015889
1,1.56399677078959,-1.43882981576594
1,0.323762279658293,-1.35431094796489
1,0.291073634606271,0.208969974056682
1,1.21213548281574,0.469262521090397
1,1.33074257916526,-0.898127189890397
1,0.908293356247532,-0.125123067401978
1,0.22216044370119,0.643081951798026
1,-0.359681161474678,2.39478789537644
1,0.119441746268782,-0.0200533653586907
1,1.82620176315397,-0.701273080116989
1,0.204059828402168,-0.481175062504009
1,-0.91308182768618,0.141622108771278
1,0.297052559201059,0.283552213387598
1,-0.097968671110178,-0.613221272526569
1,0.382969440636907,-0.406601741946904
1,1.09715856399067,-0.388181332109249
1,-1.52346827880017,1.5843516457351
1,0.82674650294713,0.643933375569675
1,0.54210292772499,1.18283731770515
1,0.00983190484919122,1.35598791592556
1,0.766279304190396,-0.0827790077051136
1,-0.387737990287695,-1.85520431987688
1,0.505273697395549,-0.505532781611542
1,-0.937590974307311,0.467492772615276
1,0.483519707752068,-0.0956472489974683
1,-1.47319224596354,-0.808923606319752
1,-0.952094307190193,0.502220465141438
1,-0.842736881409295,0.683808957353016
1,0.28859381059379,1.3323746947099
1,-1.48533259917031,-1.28713628135776
1,1.19848260390032,-1.28304393682866
1,2.34267540496697,1.26793647776922
1,-1.30428188848427,1.51922342686747
1,-0.0934383215542503,0.909008688848436
1,1.06529934323119,0.134690817854053
1,-0.379574336139069,0.76834927326045
1,0.641684981829443,-0.384197084654199
1,-1.40442324566851,2.0943380853288
1,-0.368992912836883,1.69805231458823
1,1.53296567823687,-0.68973327001599
1,0.205633463276597,-1.99372016790102
1,-1.59737995208835,1.63295345199221
1,-0.11784305786479,-0.628504019407937
1,-0.963350734929362,-0.584517949563623
1,-0.323550294114192,-0.671245554533522
1,-1.24929838804925,0.200123626053916
1,-0.0317573005717437,0.89807878374384
1,1.33115664856816,-0.0923728487637054
1,0.405354055692715,-0.54516632733567
1,-2.23651380401698,0.972282438651346
1,-0.771639272064434,-0.818446924347844
1,1.0893199662925,-0.0968971080615859
1,-1.32019741996326,1.36619239192419
1,0.345059622149481,1.0023448555959
1,0.662146114883976,-1.22591180764624
1,-1.10405960359539,-1.07152772718006
1,-0.0595264938855025,0.397209797440358
1,0.93442643931807,0.662782897701671
1,0.974294667546482,-1.0714459477273
1,-0.635940028221554,0.503780836214497
1,1.62553596655185,-1.00830818124229
1,-0.312754270925775,-1.78763059128024
1,0.172353469586953,-2.06605567616622
1,0.158930395934156,0.537469624590751
1,0.153400543332802,0.35467712432616
1,1.43547795170883,-0.246662985908944
1,1.09800898809257,0.774957543745592
1,0.0663460674013772,-0.214127756014589
1,0.968790401113153,0.864043029099855
1,0.508770160752409,-0.825511382233257
1,0.882208510250179,0.589027101251829
1,0.576141626554835,-0.250456723813348
1,0.694626581722584,-0.984740164430106
1,2.53494439393331,-0.238061341892517
1,0.440315038785441,1.20297954712725
1,0.278793666486691,-1.26861451494875
1,0.921321349549033,-1.89972734106564
1,0.261618232392164,-0.314063396284978
1,-0.2190937044764,-1.73175037996389
1,-0.579778762420599,2.84503716270376
1,0.865802388783969,1.45380128036069
1,1.18566330161654,0.970042179460639
1,-1.12498163548075,-0.211293974370257
1,0.940316312031327,1.26825420061622
1,-0.297980680720755,0.83142101686857
1,-0.638384129833655,0.178353248080708
1,-0.481959057494715,-0.730134787934112
1,-1.61114552220073,-0.556295405098457
1,0.0676963380355955,-1.45583419599729
1,-1.5246065624077,0.53575864249599
1,1.55401650292524,-0.259758175064403
1,-0.644231449169924,0.618449302403987
1,1.0457209504902,0.559877482101988
1,0.956234235445316,-0.16752757689749
1,-1.60754302672006,-0.115987147033718
1,-0.875505127912004,0.738925165163657
1,-0.624192071208378,0.571912980569916
1,-0.147559078887351,-0.439702692934973
1,0.552086545135043,-0.440466172177267
1,0.986194225678007,-0.785691341065666
1,0.723272306448109,0.760546730555681
1,-0.276585899109292,2.08259464077713
1,-0.312826297838842,0.492040518719961
1,0.362845083000285,1.2464611669882
1,-2.19394989908345,1.58059005154835
1,0.446612382391677,-0.142826599856199
1,-0.975735157919719,0.0476565501635595
1,0.351645109070649,-0.846140152642914
1,0.190517683944914,-0.239159681879298
1,-0.394558790137844,0.27228457370957
1,-1.50710020695216,-0.784589456150489
1,0.193633501403943,0.927523465559568
1,1.19806434307878,-0.108028590327559
1,0.628520938420944,-1.8942743553562
1,-0.774711786967266,-1.54559240241139
1,0.912523863223303,1.12704153410009
1,1.11052020221518,-1.54672965960783
1,-0.131571675063256,-1.81407796097038
1,-0.0532794116243216,0.631499783639927
1,1.41077857936887,-1.66950833560313
1,1.86095709625683,-0.233515180455103
1,-0.414384333699875,-0.124052580143326
1,-0.861335959167309,-0.420989515896443
1,-0.023866601577747,0.62213284099753
1,1.39705057477195,-0.780874255510094
1,-0.167520753944118,0.875810635888404
1,1.7222014256869,-0.623948953381794
1,-0.387517077252111,-0.0999589349918241
1,0.69566980471713,-0.291237711191491
1,1.42457202046786,-1.87853630692947
1,-0.201281540629579,2.52461833104283
1,-0.289642002900479,0.153045645641453
1,-0.570944458308556,1.79112679613452
1,-0.831509181124746,-1.22490542663815
1,0.396204236690348,1.56279769115185
