1,1,1
2,1,1
3,1,1
4,1,1
5,1,1
6,1,1
7,1,1
8,1,1
9,1,1
10,1,1
11,1,1
12,1,1
13,1,1
14,1,1
15,1,1
16,1,1
17,1,1
18,1,1
19,1,1
20,1,1
21,1,1
22,1,1
23,1,1
24,1,1
25,1,1
26,1,1
27,1,1
28,1,1
29,1,1
30,1,1
31,1,1
32,1,1
33,1,1
34,1,1
35,1,1
36,1,1
37,1,1
38,1,1
39,1,1
40,1,1
41,1,1
42,1,1
43,1,1
44,1,1
45,1,1
46,1,1
47,1,1
48,1,1
49,1,1
50,1,1
1,2,38.6673706508293
2,2,12.5748338454749
3,2,-21.5061633333172
4,2,-19.6866029254726
5,2,-2.78334902100941
6,2,-3.70515646964465
7,2,-0.342274267933567
8,2,-22.0549699589738
9,2,0.963970775089571
10,2,-9.47748823229522
11,2,26.9737250397381
12,2,-18.3280110170253
13,2,-7.6650919407768
14,2,4.29340473053951
15,2,50.1135115373765
16,2,-0.826222883441617
17,2,2.86629499948985
18,2,-25.9615072127545
19,2,-36.9371854975987
20,2,-14.6267613824903
21,2,3.3867687267569
22,2,-6.79386576755384
23,2,48.7612826449577
24,2,-15.1408051152061
25,2,-10.7460678514208
26,2,-15.0640898175758
27,2,-6.01195278874022
28,2,17.5735698862047
29,2,-12.978950329856
30,2,-38.8598953878345
31,2,-18.3740974978564
32,2,12.15287821406
33,2,28.0079528687202
34,2,-16.3830778134981
35,2,31.0260722595263
36,2,-8.33854551536831
37,2,-4.67277559003238
38,2,-8.72407011938038
39,2,11.0591861132578
40,2,-5.45797188785079
41,2,9.02636559850634
42,2,-6.68305109982639
43,2,3.33124546447572
44,2,32.8867895690945
45,2,1.92983857201784
46,2,-9.41083505802226
47,2,29.2643982938263
48,2,5.54566451752423
49,2,7.53885186145667
50,2,-45.7879630004505
51,3,1
52,3,1
53,3,1
54,3,1
55,3,1
56,3,1
57,3,1
58,3,1
59,3,1
60,3,1
61,3,1
62,3,1
63,3,1
64,3,1
65,3,1
66,3,1
67,3,1
68,3,1
69,3,1
70,3,1
71,3,1
72,3,1
73,3,1
74,3,1
75,3,1
76,3,1
77,3,1
78,3,1
79,3,1
80,3,1
81,3,1
82,3,1
83,3,1
84,3,1
85,3,1
86,3,1
87,3,1
88,3,1
89,3,1
90,3,1
91,3,1
92,3,1
93,3,1
94,3,1
95,3,1
96,3,1
97,3,1
98,3,1
99,3,1
100,3,1
51,4,-8.56487677509091
52,4,-13.0548192445283
53,4,-2.38116929719837
54,4,-19.4633411298096
55,4,7.55934425666777
56,4,-11.4933717676887
57,4,-1.11920842560512
58,4,14.4382446645269
59,4,-10.1160296045582
60,4,38.0853932596556
61,4,19.9474889124527
62,4,13.2979876638007
63,4,-7.82693995787937
64,4,-6.69677197837139
65,4,-45.4403139423402
66,4,-8.32755048599236
67,4,-0.537072948022457
68,4,6.6563130091877
69,4,-18.9854352484273
70,4,-30.1742105252497
71,4,-4.16046677488197
72,4,8.35397986272992
73,4,-3.25669237893941
74,4,-45.8715654312044
75,4,-3.49216846163845
76,4,-13.3995449561756
77,4,-36.4863242846005
78,4,-11.9197427910579
79,4,6.17147364392709
80,4,65.8356096672284
81,4,-21.5019927470276
82,4,-29.7031019487505
83,4,20.7483702723605
84,4,-6.84517483051696
85,4,-16.5449971890329
86,4,39.2306731732203
87,4,-0.895909137848871
88,4,10.7664845293168
89,4,-28.9250731422201
90,4,-10.6383301929565
91,4,5.42493931529424
92,4,-1.51478833731299
93,4,42.941984333871
94,4,-13.2680272429891
95,4,15.9217642582148
96,4,2.14631826236801
97,4,28.1240755428161
98,4,-5.47586523330151
99,4,56.0925005272416
100,4,-2.73271211183524
101,5,1
102,5,1
103,5,1
104,5,1
105,5,1
106,5,1
107,5,1
108,5,1
109,5,1
110,5,1
111,5,1
112,5,1
113,5,1
114,5,1
115,5,1
116,5,1
117,5,1
118,5,1
119,5,1
120,5,1
121,5,1
122,5,1
123,5,1
124,5,1
125,5,1
126,5,1
127,5,1
128,5,1
129,5,1
130,5,1
131,5,1
132,5,1
133,5,1
134,5,1
135,5,1
136,5,1
137,5,1
138,5,1
139,5,1
140,5,1
141,5,1
142,5,1
143,5,1
144,5,1
145,5,1
146,5,1
147,5,1
148,5,1
149,5,1
150,5,1
101,6,-1.16516429981416
102,6,-2.29557702830743
103,6,-21.1723958170808
104,6,4.83649677516127
105,6,-44.4608026126959
106,6,-1.39742075424136
107,6,-13.3846144368907
108,6,17.1341456309425
109,6,-50.67878947322
110,6,5.53730347973407
111,6,-5.33225687177607
112,6,2.97197039716906
113,6,39.6033069904089
114,6,-1.95229377486823
115,6,-46.0327583596204
116,6,-6.91097819230528
117,6,-8.54250828787648
118,6,44.5230469203251
119,6,22.4350181288384
120,6,-13.0640274518736
121,6,-10.179009033924
122,6,10.1060897253987
123,6,1.27684709290399
124,6,2.39396580148201
125,6,-3.95788833082246
126,6,-5.24771323936353
127,6,0.11060725275674
128,6,-5.73053019010784
129,6,-15.6695216526676
130,6,-16.5302862752493
131,6,4.60941210275495
132,6,-6.57359493182666
133,6,12.1919050426892
134,6,17.840239622733
135,6,-26.8876331355411
136,6,-1.77546042328397
137,6,-20.423377666506
138,6,25.8530680032338
139,6,6.30907289249699
140,6,-15.3790320948847
141,6,-8.06645780588991
142,6,-5.59641175633241
143,6,47.3258919302323
144,6,-3.98144944783279
145,6,-31.7091774183697
146,6,-28.4270958503113
147,6,8.05831501469995
148,6,21.3935169269567
149,6,18.2299167632719
150,6,-17.8270580453877
151,7,1
152,7,1
153,7,1
154,7,1
155,7,1
156,7,1
157,7,1
158,7,1
159,7,1
160,7,1
161,7,1
162,7,1
163,7,1
164,7,1
165,7,1
166,7,1
167,7,1
168,7,1
169,7,1
170,7,1
171,7,1
172,7,1
173,7,1
174,7,1
175,7,1
176,7,1
177,7,1
178,7,1
179,7,1
180,7,1
181,7,1
182,7,1
183,7,1
184,7,1
185,7,1
186,7,1
187,7,1
188,7,1
189,7,1
190,7,1
191,7,1
192,7,1
193,7,1
194,7,1
195,7,1
196,7,1
197,7,1
198,7,1
199,7,1
200,7,1
151,8,-4.36826395698821
152,8,-4.31066953986727
153,8,7.64753624544179
154,8,15.8693373263889
155,8,-29.9616056184326
156,8,21.4906112889971
157,8,-8.03098049286002
158,8,45.2022612645617
159,8,-8.46463713274823
160,8,-9.63560237411236
161,8,-33.5697236828745
162,8,-1.85153909605743
163,8,5.415804696473
164,8,1.35679665741931
165,8,5.64390359269855
166,8,2.70988961756757
167,8,14.8106202977381
168,8,22.4306262705511
169,8,10.4423680822636
170,8,8.17939300098934
171,8,-3.02632397058207
172,8,-27.9723756218766
173,8,15.328874082443
174,8,-2.29110451986755
175,8,20.2638310436057
176,8,6.20859638095658
177,8,-16.1499199574355
178,8,-32.3198350525145
179,8,7.16333202974502
180,8,19.0965792879015
181,8,5.26476570534687
182,8,-11.97440754461
183,8,-28.0312191344143
184,8,19.4094476198057
185,8,-1.46031621373111
186,8,-19.5332029480818
187,8,2.64142266624203
188,8,-6.94552344497806
189,8,-4.93782742113627
190,8,-0.639580485896532
191,8,-14.176380145689
192,8,2.27157843930503
193,8,-22.6525518950541
194,8,4.31266656050844
195,8,-16.3459726193339
196,8,11.3254432200335
197,8,5.24305169521604
198,8,-8.15126265871173
199,8,38.6341401507009
200,8,-11.0555801860082
201,9,1
202,9,1
203,9,1
204,9,1
205,9,1
206,9,1
207,9,1
208,9,1
209,9,1
210,9,1
211,9,1
212,9,1
213,9,1
214,9,1
215,9,1
216,9,1
217,9,1
218,9,1
219,9,1
220,9,1
221,9,1
222,9,1
223,9,1
224,9,1
225,9,1
226,9,1
227,9,1
228,9,1
229,9,1
230,9,1
231,9,1
232,9,1
233,9,1
234,9,1
235,9,1
236,9,1
237,9,1
238,9,1
239,9,1
240,9,1
241,9,1
242,9,1
243,9,1
244,9,1
245,9,1
246,9,1
247,9,1
248,9,1
249,9,1
250,9,1
201,10,23.4765994917036
202,10,-8.10643289302386
203,10,-5.7989702196908
204,10,13.6535602934503
205,10,-24.8233013022966
206,10,-66.1827963198201
207,10,15.4067344655738
208,10,-12.0941070827168
209,10,12.8444126039607
210,10,25.2018624223676
211,10,-44.3700700120853
212,10,-7.51159947059746
213,10,-18.7680747976148
214,10,-7.3523078864226
215,10,-13.4352108238921
216,10,-24.5495510182818
217,10,13.3938954232962
218,10,22.2504041529701
219,10,14.9398096841134
220,10,9.76936492867368
221,10,0.616825491456245
222,10,22.4423481845651
223,10,29.2396098484937
224,10,2.37671277274825
225,10,-25.6801870944683
226,10,-5.98261810864193
227,10,-69.8580944382299
228,10,40.480854091888
229,10,-11.9245519231146
230,10,-17.5711021183051
231,10,-28.5434936368487
232,10,2.54869984333963
233,10,22.5152449917053
234,10,24.5504395666315
235,10,5.34043591428517
236,10,2.1329840702413
237,10,31.8905912360126
238,10,12.2745755883254
239,10,35.8743543048952
240,10,-21.6565889550527
241,10,-4.80956415949613
242,10,-19.5793186390465
243,10,-16.0121348450716
244,10,-26.961599743486
245,10,-0.563807591137103
246,10,31.7104211041779
247,10,-30.2515070882935
248,10,17.2024946319885
249,10,-2.34710275825266
250,10,-2.63424375640807
251,11,1
252,11,1
253,11,1
254,11,1
255,11,1
256,11,1
257,11,1
258,11,1
259,11,1
260,11,1
261,11,1
262,11,1
263,11,1
264,11,1
265,11,1
266,11,1
267,11,1
268,11,1
269,11,1
270,11,1
271,11,1
272,11,1
273,11,1
274,11,1
275,11,1
276,11,1
277,11,1
278,11,1
279,11,1
280,11,1
281,11,1
282,11,1
283,11,1
284,11,1
285,11,1
286,11,1
287,11,1
288,11,1
289,11,1
290,11,1
291,11,1
292,11,1
293,11,1
294,11,1
295,11,1
296,11,1
297,11,1
298,11,1
299,11,1
300,11,1
251,12,15.4132031055575
252,12,16.5685198592436
253,12,-2.71700917967184
254,12,0.34596245583658
255,12,-1.34599915532619
256,12,29.6017255337295
257,12,-18.9675220168491
258,12,-10.502932733604
259,12,4.91700601270716
260,12,2.3137246185904
261,12,-14.7715765144931
262,12,1.20873335795384
263,12,7.6157838106879
264,12,-17.8893935560156
265,12,18.828151721409
266,12,-2.95325508495162
267,12,32.156853984496
268,12,-30.399046716744
269,12,17.8332110780407
270,12,26.1659651072799
271,12,36.4147975082458
272,12,-32.1775059706417
273,12,18.2522408929801
274,12,-17.1246538246202
275,12,21.338147098496
276,12,4.9640185647516
277,12,-22.8915783644818
278,12,-7.4885851242232
279,12,-3.33839007533735
280,12,7.41970522016389
281,12,17.4607527377145
282,12,-39.7296857536171
283,12,17.4876664160455
284,12,-4.3153436630997
285,12,8.60384733859108
286,12,7.89361841704341
287,12,36.0094967687197
288,12,-9.59773387192348
289,12,-8.64924911116338
290,12,-1.2357877183242
291,12,21.3328683048676
292,12,14.4280329754078
293,12,-16.3745024825094
294,12,-16.8181684544496
295,12,-28.604161463059
296,12,20.3672939750795
297,12,-18.8484343818837
298,12,-24.150799472592
299,12,13.4276142170364
300,12,-19.1186805847521
301,13,1
302,13,1
303,13,1
304,13,1
305,13,1
306,13,1
307,13,1
308,13,1
309,13,1
310,13,1
311,13,1
312,13,1
313,13,1
314,13,1
315,13,1
316,13,1
317,13,1
318,13,1
319,13,1
320,13,1
321,13,1
322,13,1
323,13,1
324,13,1
325,13,1
326,13,1
327,13,1
328,13,1
329,13,1
330,13,1
331,13,1
332,13,1
333,13,1
334,13,1
335,13,1
336,13,1
337,13,1
338,13,1
339,13,1
340,13,1
341,13,1
342,13,1
343,13,1
344,13,1
345,13,1
346,13,1
347,13,1
348,13,1
349,13,1
350,13,1
301,14,25.6619753068862
302,14,-11.8928261661162
303,14,14.8790283687276
304,14,-28.3861697017726
305,14,32.1833067804433
306,14,14.3059112792294
307,14,21.043905775243
308,14,-22.9518581174807
309,14,-12.5346061127124
310,14,-16.1564872748814
311,14,20.3971962817879
312,14,2.00849158607771
313,14,-8.0884304917946
314,14,3.37548689165557
315,14,28.3201757710009
316,14,-0.809822403662659
317,14,-48.6194002859525
318,14,19.3155176080754
319,14,-2.78598678620868
320,14,16.5522836779898
321,14,-52.00238500102
322,14,-11.4587097284519
323,14,0.387209890617766
324,14,-9.84881277571803
325,14,10.3616068607482
326,14,-4.02788834676773
327,14,7.82347282799766
328,14,-30.2041063703996
329,14,-18.4734275799393
330,14,43.2489287688469
331,14,44.5761974383422
332,14,21.5999463858954
333,14,-9.61645069019132
334,14,-18.1313844825222
335,14,5.71809359725233
336,14,3.7375170116966
337,14,-24.6846407496804
338,14,-32.1731862531642
339,14,-31.8098224250545
340,14,-10.9744287185874
341,14,-12.3645132982735
342,14,19.5769214692119
343,14,-38.8292991396244
344,14,38.823828621727
345,14,7.32551511262062
346,14,-6.45690672456315
347,14,-29.3155426874102
348,14,-2.22734477231876
349,14,22.3357696750619
350,14,-8.1582962519935
351,15,1
352,15,1
353,15,1
354,15,1
355,15,1
356,15,1
357,15,1
358,15,1
359,15,1
360,15,1
361,15,1
362,15,1
363,15,1
364,15,1
365,15,1
366,15,1
367,15,1
368,15,1
369,15,1
370,15,1
371,15,1
372,15,1
373,15,1
374,15,1
375,15,1
376,15,1
377,15,1
378,15,1
379,15,1
380,15,1
381,15,1
382,15,1
383,15,1
384,15,1
385,15,1
386,15,1
387,15,1
388,15,1
389,15,1
390,15,1
391,15,1
392,15,1
393,15,1
394,15,1
395,15,1
396,15,1
397,15,1
398,15,1
399,15,1
400,15,1
351,16,-20.6074064798808
352,16,9.95463450108722
353,16,-28.1395812925549
354,16,-13.3412391360688
355,16,-5.30788644188379
356,16,15.4999645826607
357,16,6.44127444169203
358,16,24.2862758224628
359,16,2.72430414698158
360,16,1.97998466768416
361,16,-34.4311779804179
362,16,-4.04325993691506
363,16,-5.94328088628105
364,16,22.1800590190199
365,16,-5.55521302754605
366,16,64.558505422949
367,16,11.1448284459963
368,16,3.71887626470019
369,16,12.9884532637957
370,16,-1.09883564248456
371,16,26.053847442478
372,16,16.8936875863665
373,16,-19.9160155538289
374,16,15.0922964503858
375,16,10.5529969947181
376,16,5.17637364660993
377,16,-25.5283575746179
378,16,8.53112168485522
379,16,0.611761767681399
380,16,23.3122348335605
381,16,-0.512513725292888
382,16,-12.7056316923044
383,16,14.6309062152699
384,16,4.08886982640884
385,16,5.86791613698551
386,16,-6.19909877440453
387,16,-13.9173235695619
388,16,0.584509739955119
389,16,-1.17611946155711
390,16,-5.18905330010752
391,16,-11.0164821455302
392,16,6.28062580636614
393,16,4.50675697136986
394,16,-22.0230023681356
395,16,2.07775644509956
396,16,7.90207586564367
397,16,5.46150071866362
398,16,8.06267546318073
399,16,-16.1340208734149
400,16,-2.73168313846042
401,17,1
402,17,1
403,17,1
404,17,1
405,17,1
406,17,1
407,17,1
408,17,1
409,17,1
410,17,1
411,17,1
412,17,1
413,17,1
414,17,1
415,17,1
416,17,1
417,17,1
418,17,1
419,17,1
420,17,1
421,17,1
422,17,1
423,17,1
424,17,1
425,17,1
426,17,1
427,17,1
428,17,1
429,17,1
430,17,1
431,17,1
432,17,1
433,17,1
434,17,1
435,17,1
436,17,1
437,17,1
438,17,1
439,17,1
440,17,1
441,17,1
442,17,1
443,17,1
444,17,1
445,17,1
446,17,1
447,17,1
448,17,1
449,17,1
450,17,1
401,18,-20.9212746507869
402,18,17.6944816605093
403,18,0.719836353652164
404,18,-11.6235155561376
405,18,3.1376650458661
406,18,11.9892404573523
407,18,19.8907594544743
408,18,-8.98040306876883
409,18,-30.9666475672412
410,18,5.16606364921671
411,18,14.6508880980667
412,18,18.6866837063814
413,18,18.7092558253496
414,18,-14.1879752674429
415,18,29.5054363988178
416,18,-43.528193883353
417,18,8.69932037684531
418,18,-4.34537573407337
419,18,-2.32958429880966
420,18,-6.26795269324887
421,18,-28.9528196979081
422,18,0.55102436445184
423,18,-9.60832616966708
424,18,33.4398091648627
425,18,-39.207064624443
426,18,-14.0565555168118
427,18,-27.2665852534978
428,18,1.20964420202298
429,18,0.82424651023657
430,18,-10.9442494780492
431,18,-1.58111374814001
432,18,-8.90228198685956
433,18,1.19142768060842
434,18,14.5186198441927
435,18,-8.64782214374841
436,18,45.207730236001
437,18,25.7217289049539
438,18,37.3889312441676
439,18,-16.6083897195926
440,18,-0.769807637716686
441,18,2.08556244307203
442,18,7.36879128359208
443,18,-8.89356779043078
444,18,37.9786775073454
445,18,28.7845167659794
446,18,7.197407649935
447,18,-5.75572614279349
448,18,-2.20621786484567
449,18,12.5604259837095
450,18,-20.4453890870207
451,19,1
452,19,1
453,19,1
454,19,1
455,19,1
456,19,1
457,19,1
458,19,1
459,19,1
460,19,1
461,19,1
462,19,1
463,19,1
464,19,1
465,19,1
466,19,1
467,19,1
468,19,1
469,19,1
470,19,1
471,19,1
472,19,1
473,19,1
474,19,1
475,19,1
476,19,1
477,19,1
478,19,1
479,19,1
480,19,1
481,19,1
482,19,1
483,19,1
484,19,1
485,19,1
486,19,1
487,19,1
488,19,1
489,19,1
490,19,1
491,19,1
492,19,1
493,19,1
494,19,1
495,19,1
496,19,1
497,19,1
498,19,1
499,19,1
500,19,1
451,20,22.8890422852
452,20,8.4033158691868
453,20,-2.86121665846283
454,20,18.2092710063692
455,20,-22.7340791406851
456,20,-2.30638373075264
457,20,-10.5660399940849
458,20,3.12674956332756
459,20,13.4878518458381
460,20,1.5828730579364
461,20,-10.3788688344475
462,20,29.0016402206249
463,20,-39.3578840375786
464,20,19.7709989132604
465,20,6.07170040208185
466,20,-5.39347514026007
467,20,-19.83471516496
468,20,20.9207923324736
469,20,-5.9634054197043
470,20,-1.10255990769996
471,20,5.59643280638397
472,20,21.940448519352
473,20,36.2624892913589
474,20,8.71778206827795
475,20,2.77603212836744
476,20,24.2469400775712
477,20,17.1536044740807
478,20,-35.0409978709699
479,20,5.40524985634145
480,20,11.5444731591068
481,20,-3.97477025620909
482,20,-11.7480317453362
483,20,24.7741481967152
484,20,-12.4815193960143
485,20,-31.5008223124511
486,20,19.9621148749513
487,20,29.4094310283013
488,20,11.7140120958972
489,20,-8.04086888836327
490,20,2.48586856698317
491,20,-18.6638359596784
492,20,13.3621504202806
493,20,22.6199654640088
494,20,11.3210904272774
495,20,11.5105377406553
496,20,10.5199974971621
497,20,12.8084551017626
498,20,-21.2221789920056
499,20,-11.8489535902024
500,20,41.200565881026
501,21,1
502,21,1
503,21,1
504,21,1
505,21,1
506,21,1
507,21,1
508,21,1
509,21,1
510,21,1
511,21,1
512,21,1
513,21,1
514,21,1
515,21,1
516,21,1
517,21,1
518,21,1
519,21,1
520,21,1
521,21,1
522,21,1
523,21,1
524,21,1
525,21,1
526,21,1
527,21,1
528,21,1
529,21,1
530,21,1
531,21,1
532,21,1
533,21,1
534,21,1
535,21,1
536,21,1
537,21,1
538,21,1
539,21,1
540,21,1
541,21,1
542,21,1
543,21,1
544,21,1
545,21,1
546,21,1
547,21,1
548,21,1
549,21,1
550,21,1
501,22,-10.9930112101209
502,22,-4.78497000054566
503,22,-11.8199026239591
504,22,29.1841392165541
505,22,-4.55151269781093
506,22,28.3817364905289
507,22,9.56685304280413
508,22,25.4756139243789
509,22,15.9422182747948
510,22,11.5566004685907
511,22,7.56258685241829
512,22,-4.87396128508787
513,22,13.0090055583703
514,22,19.1155974322935
515,22,1.10463173703347
516,22,-14.8340282768652
517,22,-21.7756979328951
518,22,-21.8197727884558
519,22,5.26703972338614
520,22,3.27361597351047
521,22,21.8836676471332
522,22,28.896713753663
523,22,-2.77653594063555
524,22,9.08545934464413
525,22,-5.88519155429028
526,22,5.33575991148988
527,22,-17.5028844038854
528,22,20.2154615124116
529,22,-18.3471193213674
530,22,-2.5547838435351
531,22,37.3082205163083
532,22,-36.4801444041115
533,22,-10.8522424411403
534,22,30.3909867217557
535,22,22.6574373141984
536,22,11.0686312237127
537,22,-2.53354139219953
538,22,-8.81999049423457
539,22,-21.514186250003
540,22,10.3758374815288
541,22,-2.27419668343735
542,22,16.9786477688691
543,22,-11.1003037905689
544,22,-1.59220212031119
545,22,35.1515824821648
546,22,-3.35790722744786
547,22,-6.87115824351903
548,22,10.4049150988922
549,22,9.88834308484827
550,22,8.93406638114335
551,23,1
552,23,1
553,23,1
554,23,1
555,23,1
556,23,1
557,23,1
558,23,1
559,23,1
560,23,1
561,23,1
562,23,1
563,23,1
564,23,1
565,23,1
566,23,1
567,23,1
568,23,1
569,23,1
570,23,1
571,23,1
572,23,1
573,23,1
574,23,1
575,23,1
576,23,1
577,23,1
578,23,1
579,23,1
580,23,1
581,23,1
582,23,1
583,23,1
584,23,1
585,23,1
586,23,1
587,23,1
588,23,1
589,23,1
590,23,1
591,23,1
592,23,1
593,23,1
594,23,1
595,23,1
596,23,1
597,23,1
598,23,1
599,23,1
600,23,1
551,24,6.05327826152458
552,24,4.97381957542598
553,24,9.59238047792749
554,24,18.3981865515431
555,24,12.755703512949
556,24,1.57308839040944
557,24,-10.9852837678332
558,24,10.0969099831242
559,24,15.1317402072285
560,24,19.2597330045083
561,24,-2.38114240718843
562,24,29.179340820837
563,24,-12.2030984017314
564,24,5.22259458626892
565,24,27.7532689686492
566,24,6.99617973190821
567,24,-13.4647512411285
568,24,-7.64927363926247
569,24,-23.4669390612133
570,24,-2.90003200155776
571,24,1.68088403305709
572,24,-18.0338594233373
573,24,26.236519458627
574,24,36.3160107743106
575,24,21.4731219282394
576,24,-21.4224911819166
577,24,-28.7390245405123
578,24,43.1911212364884
579,24,-29.3847202028649
580,24,-23.2096416885166
581,24,4.58904769261322
582,24,27.067223752924
583,24,-6.8784669705237
584,24,-29.148246791991
585,24,-31.9578949813693
586,24,-20.1789094920434
587,24,-10.1090384636528
588,24,0.874792373988212
589,24,7.82630202434575
590,24,-47.6204968625205
591,24,20.6844224361853
592,24,-41.3831766066614
593,24,9.3438367904591
594,24,-34.0686057046012
595,24,-18.4588908712416
596,24,5.86923667825182
597,24,-16.7467109935502
598,24,-3.25511792658433
599,24,41.2688860315026
600,24,1.56618609977045
601,25,1
602,25,1
603,25,1
604,25,1
605,25,1
606,25,1
607,25,1
608,25,1
609,25,1
610,25,1
611,25,1
612,25,1
613,25,1
614,25,1
615,25,1
616,25,1
617,25,1
618,25,1
619,25,1
620,25,1
621,25,1
622,25,1
623,25,1
624,25,1
625,25,1
626,25,1
627,25,1
628,25,1
629,25,1
630,25,1
631,25,1
632,25,1
633,25,1
634,25,1
635,25,1
636,25,1
637,25,1
638,25,1
639,25,1
640,25,1
641,25,1
642,25,1
643,25,1
644,25,1
645,25,1
646,25,1
647,25,1
648,25,1
649,25,1
650,25,1
601,26,-14.8778364110798
602,26,22.1403306829004
603,26,1.3764990100861
604,26,-19.0726993738111
605,26,5.89127983777828
606,26,18.2615416353406
607,26,17.8875626478285
608,26,-31.8434788338635
609,26,3.82628251177355
610,26,-18.6294854227638
611,26,-18.0004957436434
612,26,-4.81029240548471
613,26,1.30895286225586
614,26,-6.09833754532079
615,26,-48.3711050353918
616,26,0.305097189838928
617,26,8.34636768005776
618,26,33.7761329457198
619,26,-21.274239197718
620,26,0.697499894621256
621,26,28.3871707984736
622,26,-45.0184226023986
623,26,26.2553007156888
624,26,10.3090205506377
625,26,-7.83201249825882
626,26,-10.8753541035396
627,26,-22.8118943207693
628,26,17.5817487380142
629,26,-3.76203910118775
630,26,18.5161122041362
631,26,-0.127590710192175
632,26,-0.152844280500844
633,26,13.1699959057223
634,26,27.8507055256893
635,26,-20.5749608609134
636,26,39.2978356191429
637,26,26.3277110227614
638,26,23.1396830409506
639,26,32.7186377341539
640,26,-25.3693269513111
641,26,0.844144443137523
642,26,2.16634013421843
643,26,-16.277000156405
644,26,-4.41390876323461
645,26,-22.749571320605
646,26,-11.5903189736474
647,26,6.8262145982934
648,26,-11.2792670660125
649,26,-20.0426889027925
650,26,-1.86982394281325
651,27,1
652,27,1
653,27,1
654,27,1
655,27,1
656,27,1
657,27,1
658,27,1
659,27,1
660,27,1
661,27,1
662,27,1
663,27,1
664,27,1
665,27,1
666,27,1
667,27,1
668,27,1
669,27,1
670,27,1
671,27,1
672,27,1
673,27,1
674,27,1
675,27,1
676,27,1
677,27,1
678,27,1
679,27,1
680,27,1
681,27,1
682,27,1
683,27,1
684,27,1
685,27,1
686,27,1
687,27,1
688,27,1
689,27,1
690,27,1
691,27,1
692,27,1
693,27,1
694,27,1
695,27,1
696,27,1
697,27,1
698,27,1
699,27,1
700,27,1
651,28,7.78160044284145
652,28,31.6758894517466
653,28,4.22038828702445
654,28,17.1312146088967
655,28,-18.7283826737315
656,28,-27.8946477433394
657,28,13.6463398901761
658,28,-12.139574649727
659,28,3.8575804348449
660,28,26.3045988109139
661,28,-21.8737105301211
662,28,-26.2364676262473
663,28,16.8605151864364
664,28,40.8318770140348
665,28,28.613461196907
666,28,-1.92682205103318
667,28,-16.8688480770903
668,28,3.7098198203363
669,28,-4.41892319150938
670,28,34.4182171175621
671,28,10.3479273305865
672,28,6.1607469963509
673,28,3.18806007746833
674,28,8.76002374482851
675,28,3.6023956057472
676,28,5.32379927520478
677,28,-49.3822642671375
678,28,-16.6123914116783
679,28,8.16441570675081
680,28,-14.6941508448363
681,28,-2.80005917239522
682,28,5.2004864951884
683,28,-15.9486099393244
684,28,28.1457378270666
685,28,8.02465605826595
686,28,-14.4947076992821
687,28,0.00057636216373815
688,28,-46.1553151992803
689,28,-3.68404391661552
690,28,8.5622873179811
691,28,-4.8816964607758
692,28,16.3628936815788
693,28,1.54497575951752
694,28,-6.16014106682617
695,28,-41.183465517367
696,28,2.41911232666196
697,28,30.426142336717
698,28,-16.5199105036864
699,28,34.3670065208555
700,28,-16.6160176019099
701,29,1
702,29,1
703,29,1
704,29,1
705,29,1
706,29,1
707,29,1
708,29,1
709,29,1
710,29,1
711,29,1
712,29,1
713,29,1
714,29,1
715,29,1
716,29,1
717,29,1
718,29,1
719,29,1
720,29,1
721,29,1
722,29,1
723,29,1
724,29,1
725,29,1
726,29,1
727,29,1
728,29,1
729,29,1
730,29,1
731,29,1
732,29,1
733,29,1
734,29,1
735,29,1
736,29,1
737,29,1
738,29,1
739,29,1
740,29,1
741,29,1
742,29,1
743,29,1
744,29,1
745,29,1
746,29,1
747,29,1
748,29,1
749,29,1
750,29,1
701,30,5.21037110290612
702,30,17.5280548651619
703,30,17.1103679493369
704,30,-1.51062145692077
705,30,-40.2222132244499
706,30,23.8704260735063
707,30,8.04504595644898
708,30,38.8199024126129
709,30,40.1440483781481
710,30,11.8164465439142
711,30,-31.0629392881931
712,30,-12.2570060800962
713,30,25.0277763084154
714,30,32.610776167398
715,30,-15.3849326387105
716,30,-6.40442387681745
717,30,23.4370192287947
718,30,27.6555830257498
719,30,-28.193054635655
720,30,6.15328609051504
721,30,14.3136651789565
722,30,4.27091843044849
723,30,27.3782285646285
724,30,66.80437436234
725,30,3.47943481486727
726,30,5.17252008284991
727,30,19.0603643099211
728,30,-3.87558678159475
729,30,27.5780799281268
730,30,-33.3207687295151
731,30,27.725242886553
732,30,16.2276225174044
733,30,-16.867657838898
734,30,5.17186263340068
735,30,-21.8464143864993
736,30,-36.2447552423158
737,30,36.2872362031595
738,30,8.10806978669485
739,30,16.6495435305962
740,30,38.3491607842048
741,30,10.4258384934889
742,30,27.9576457117982
743,30,20.2486999776187
744,30,-26.9722219162366
745,30,-5.32208078015192
746,30,10.197318704241
747,30,0.792231722110864
748,30,-56.356422858603
749,30,17.0403067928311
750,30,20.5425033291434
751,31,1
752,31,1
753,31,1
754,31,1
755,31,1
756,31,1
757,31,1
758,31,1
759,31,1
760,31,1
761,31,1
762,31,1
763,31,1
764,31,1
765,31,1
766,31,1
767,31,1
768,31,1
769,31,1
770,31,1
771,31,1
772,31,1
773,31,1
774,31,1
775,31,1
776,31,1
777,31,1
778,31,1
779,31,1
780,31,1
781,31,1
782,31,1
783,31,1
784,31,1
785,31,1
786,31,1
787,31,1
788,31,1
789,31,1
790,31,1
791,31,1
792,31,1
793,31,1
794,31,1
795,31,1
796,31,1
797,31,1
798,31,1
799,31,1
800,31,1
751,32,1.59656869482179
752,32,-20.3281439832506
753,32,-10.9846613757601
754,32,2.72774478343664
755,32,-7.45695465431811
756,32,-20.2981154329062
757,32,-12.0559648108182
758,32,22.7807225082272
759,32,-4.77733343658888
760,32,-17.0899127911607
761,32,-15.9551079298311
762,32,3.40140568973342
763,32,4.0322456122768
764,32,4.30707485891047
765,32,-13.316231290147
766,32,16.5959234242984
767,32,-6.95109546623355
768,32,-25.3090591557714
769,32,-25.2499286038507
770,32,10.0230353682992
771,32,8.97231916377252
772,32,2.19655538229906
773,32,-16.954981638884
774,32,-3.54150157734598
775,32,12.9996060094979
776,32,-14.0465826739128
777,32,57.7893319268025
778,32,-8.75731345400642
779,32,23.4684479951749
780,32,-29.7663056914941
781,32,3.03972213442356
782,32,16.2998056843444
783,32,24.9546691152088
784,32,32.3941068877827
785,32,18.9794256912486
786,32,4.98255409977645
787,32,-11.4204567125634
788,32,4.10776442090719
789,32,-1.75797315067711
790,32,-24.9416257104578
791,32,14.0194942308096
792,32,14.0014902341668
793,32,-14.3217303753749
794,32,-30.0268520895185
795,32,4.54781627256998
796,32,-8.3452887207836
797,32,14.1201701583167
798,32,-25.2473632471329
799,32,24.0278740759946
800,32,5.85056369749802
801,33,1
802,33,1
803,33,1
804,33,1
805,33,1
806,33,1
807,33,1
808,33,1
809,33,1
810,33,1
811,33,1
812,33,1
813,33,1
814,33,1
815,33,1
816,33,1
817,33,1
818,33,1
819,33,1
820,33,1
821,33,1
822,33,1
823,33,1
824,33,1
825,33,1
826,33,1
827,33,1
828,33,1
829,33,1
830,33,1
831,33,1
832,33,1
833,33,1
834,33,1
835,33,1
836,33,1
837,33,1
838,33,1
839,33,1
840,33,1
841,33,1
842,33,1
843,33,1
844,33,1
845,33,1
846,33,1
847,33,1
848,33,1
849,33,1
850,33,1
801,34,30.5465655544606
802,34,-18.7583072866208
803,34,-22.6403999082571
804,34,0.304828907119597
805,34,-7.50546262587404
806,34,-0.350573358271348
807,34,7.1067374266872
808,34,12.2547487370264
809,34,4.7545283770145
810,34,18.3567772972583
811,34,8.64627024298269
812,34,-3.59152993634989
813,34,4.16609453453312
814,34,13.5993523624059
815,34,-0.707319902007586
816,34,14.1857095935175
817,34,-25.7755423221097
818,34,37.2975131344235
819,34,-11.4633107256692
820,34,-17.649087608838
821,34,9.59887566962277
822,34,6.49662578106576
823,34,19.9958033963879
824,34,-29.0482971569423
825,34,9.19745185459897
826,34,-4.43165677264463
827,34,-47.2415008999275
828,34,7.28523956806097
829,34,-4.30943666769783
830,34,22.2423037793564
831,34,-8.95768628967302
832,34,-3.28184566568578
833,34,-25.7108383765474
834,34,-18.1770571476157
835,34,-41.3315735765976
836,34,40.1535496947982
837,34,-16.6256511629671
838,34,-3.40547140782586
839,34,10.4257385664806
840,34,-21.5149617538558
841,34,20.4169405963605
842,34,-0.871330281431606
843,34,14.7968139831587
844,34,-0.362901416175973
845,34,-29.6995527396562
846,34,-18.7659096739579
847,34,-42.2761386659612
848,34,-0.0425533846389153
849,34,-21.5839630045205
850,34,-15.7141816684813
851,35,1
852,35,1
853,35,1
854,35,1
855,35,1
856,35,1
857,35,1
858,35,1
859,35,1
860,35,1
861,35,1
862,35,1
863,35,1
864,35,1
865,35,1
866,35,1
867,35,1
868,35,1
869,35,1
870,35,1
871,35,1
872,35,1
873,35,1
874,35,1
875,35,1
876,35,1
877,35,1
878,35,1
879,35,1
880,35,1
881,35,1
882,35,1
883,35,1
884,35,1
885,35,1
886,35,1
887,35,1
888,35,1
889,35,1
890,35,1
891,35,1
892,35,1
893,35,1
894,35,1
895,35,1
896,35,1
897,35,1
898,35,1
899,35,1
900,35,1
851,36,5.99373058697702
852,36,19.9526315416911
853,36,-7.8060263172714
854,36,11.7493830318003
855,36,-14.2708379504489
856,36,29.0460294445732
857,36,1.30192775126789
858,36,-23.2530471796096
859,36,-21.0140351506479
860,36,2.31368201016277
861,36,-28.7558914562827
862,36,-4.24649116121594
863,36,-4.5020088440626
864,36,-32.8009877236255
865,36,36.7382522112594
866,36,16.766830899688
867,36,36.9041994644466
868,36,-24.7519084372187
869,36,1.4550376507741
870,36,-15.8046428410377
871,36,6.27038756635559
872,36,-17.9982565991571
873,36,13.5519955413031
874,36,-1.50982031154473
875,36,7.12870212563383
876,36,-17.9100921578416
877,36,-12.0332155259576
878,36,-8.63956284699212
879,36,-15.6320969866777
880,36,11.5843822286628
881,36,21.840139748637
882,36,18.0944782759192
883,36,0.176974358792125
884,36,-5.43776880199427
885,36,-3.91520201730279
886,36,-57.3600810659698
887,36,-12.4102646430382
888,36,-1.46511417486747
889,36,59.1613404590102
890,36,6.94269226859152
891,36,-4.89281363614735
892,36,-14.9828386662882
893,36,0.217662626981938
894,36,14.9443242549105
895,36,15.0535825313897
896,36,-17.4443717367101
897,36,23.2139941383704
898,36,-5.97477812312895
899,36,-6.94611212736452
900,36,-24.9203181719564
901,37,1
902,37,1
903,37,1
904,37,1
905,37,1
906,37,1
907,37,1
908,37,1
909,37,1
910,37,1
911,37,1
912,37,1
913,37,1
914,37,1
915,37,1
916,37,1
917,37,1
918,37,1
919,37,1
920,37,1
921,37,1
922,37,1
923,37,1
924,37,1
925,37,1
926,37,1
927,37,1
928,37,1
929,37,1
930,37,1
931,37,1
932,37,1
933,37,1
934,37,1
935,37,1
936,37,1
937,37,1
938,37,1
939,37,1
940,37,1
941,37,1
942,37,1
943,37,1
944,37,1
945,37,1
946,37,1
947,37,1
948,37,1
949,37,1
950,37,1
901,38,-42.5264508522476
902,38,-24.0832735581462
903,38,5.71339051502007
904,38,-24.0231864595751
905,38,-0.38387653172435
906,38,11.9658356465804
907,38,-19.1479316281806
908,38,12.3887452563887
909,38,10.4771135177327
910,38,-20.4998524866005
911,38,-7.0235413303285
912,38,-17.4144196779332
913,38,13.3685979780564
914,38,31.2887415712081
915,38,-20.0301391945056
916,38,-22.7697996158834
917,38,7.97397465782496
918,38,22.3701625928683
919,38,-2.68956729032383
920,38,14.2662234643425
921,38,-2.96374126089323
922,38,-16.1331980182027
923,38,10.1858646583897
924,38,-31.3997903477504
925,38,4.80366370200041
926,38,5.93306435237911
927,38,5.30538029445131
928,38,-24.6599238124024
929,38,8.03462527369132
930,38,-9.99170357260501
931,38,7.86797430408969
932,38,-3.58022929853186
933,38,-25.5281631862644
934,38,23.6721150950786
935,38,8.96767010119253
936,38,0.77276177176547
937,38,-19.9396105713794
938,38,-7.51947623448932
939,38,-1.59194191766494
940,38,59.2454030051117
941,38,50.0054559531212
942,38,-11.0464626676209
943,38,-1.98438765416375
944,38,-19.5483862547405
945,38,-21.2474345945356
946,38,-8.48709198928177
947,38,1.32138105067287
948,38,3.21398267485014
949,38,15.3870345570014
950,38,23.531270335664
951,39,1
952,39,1
953,39,1
954,39,1
955,39,1
956,39,1
957,39,1
958,39,1
959,39,1
960,39,1
961,39,1
962,39,1
963,39,1
964,39,1
965,39,1
966,39,1
967,39,1
968,39,1
969,39,1
970,39,1
971,39,1
972,39,1
973,39,1
974,39,1
975,39,1
976,39,1
977,39,1
978,39,1
979,39,1
980,39,1
981,39,1
982,39,1
983,39,1
984,39,1
985,39,1
986,39,1
987,39,1
988,39,1
989,39,1
990,39,1
991,39,1
992,39,1
993,39,1
994,39,1
995,39,1
996,39,1
997,39,1
998,39,1
999,39,1
1000,39,1
951,40,-30.8077763757087
952,40,-26.8973245937221
953,40,-4.25781707159045
954,40,3.68626114138903
955,40,7.41531346928374
956,40,6.20148334979172
957,40,23.3120308850401
958,40,15.9317379440633
959,40,2.57551621180037
960,40,-3.88373131837113
961,40,-61.2417297609778
962,40,-5.39025538110278
963,40,42.7203105893922
964,40,1.91812269025067
965,40,-4.8511107030337
966,40,21.4821771935528
967,40,21.4019133519913
968,40,-18.8941947774286
969,40,-11.9793967944681
970,40,-42.4625852284478
971,40,-0.0596495335701134
972,40,-17.0575630491949
973,40,0.253010306339104
974,40,33.3057071024237
975,40,-16.7478210919173
976,40,29.420007185996
977,40,-5.81365320429696
978,40,-9.30118044286262
979,40,-4.08516768822391
980,40,1.36391264031219
981,40,-22.3379657516379
982,40,-18.7724373156427
983,40,-6.06742466085326
984,40,15.2905023354842
985,40,-9.22060958830857
986,40,-1.38133184386286
987,40,-6.0626966671737
988,40,21.4735080190249
989,40,-28.6338136392368
990,40,2.47062240320141
991,40,-14.5530162148666
992,40,25.0258782317263
993,40,-32.3520893420387
994,40,20.9552208979309
995,40,-8.5388741133356
996,40,18.6943343517822
997,40,4.23996469275951
998,40,8.96368592831601
999,40,40.2278873698825
1000,40,-9.3267078374061
1,41,1
2,41,1
6,41,1
7,41,1
8,41,1
9,41,1
10,41,1
14,41,1
15,41,1
16,41,1
18,41,1
23,41,1
24,41,1
25,41,1
27,41,1
31,41,1
33,41,1
38,41,1
40,41,1
42,41,1
43,41,1
45,41,1
47,41,1
56,41,1
57,41,1
58,41,1
63,41,1
64,41,1
66,41,1
68,41,1
69,41,1
75,41,1
77,41,1
80,41,1
86,41,1
88,41,1
89,41,1
90,41,1
98,41,1
99,41,1
104,41,1
105,41,1
113,41,1
116,41,1
118,41,1
126,41,1
127,41,1
131,41,1
133,41,1
136,41,1
139,41,1
140,41,1
142,41,1
147,41,1
153,41,1
162,41,1
165,41,1
167,41,1
169,41,1
173,41,1
177,41,1
181,41,1
182,41,1
190,41,1
193,41,1
194,41,1
196,41,1
199,41,1
202,41,1
203,41,1
204,41,1
205,41,1
206,41,1
208,41,1
209,41,1
213,41,1
216,41,1
217,41,1
218,41,1
224,41,1
225,41,1
228,41,1
236,41,1
239,41,1
253,41,1
254,41,1
257,41,1
262,41,1
263,41,1
265,41,1
267,41,1
269,41,1
272,41,1
275,41,1
277,41,1
280,41,1
290,41,1
291,41,1
293,41,1
294,41,1
295,41,1
296,41,1
297,41,1
301,41,1
303,41,1
304,41,1
305,41,1
307,41,1
311,41,1
313,41,1
314,41,1
321,41,1
323,41,1
326,41,1
329,41,1
331,41,1
340,41,1
348,41,1
349,41,1
356,41,1
357,41,1
358,41,1
362,41,1
367,41,1
368,41,1
369,41,1
370,41,1
373,41,1
375,41,1
378,41,1
379,41,1
381,41,1
382,41,1
383,41,1
391,41,1
393,41,1
395,41,1
399,41,1
400,41,1
403,41,1
407,41,1
412,41,1
420,41,1
422,41,1
425,41,1
427,41,1
429,41,1
434,41,1
437,41,1
441,41,1
442,41,1
443,41,1
446,41,1
447,41,1
451,41,1
454,41,1
459,41,1
464,41,1
471,41,1
472,41,1
473,41,1
475,41,1
476,41,1
478,41,1
479,41,1
480,41,1
482,41,1
484,41,1
485,41,1
486,41,1
488,41,1
489,41,1
492,41,1
493,41,1
494,41,1
497,41,1
498,41,1
499,41,1
503,41,1
504,41,1
509,41,1
514,41,1
517,41,1
519,41,1
521,41,1
525,41,1
526,41,1
527,41,1
531,41,1
532,41,1
533,41,1
534,41,1
535,41,1
537,41,1
538,41,1
541,41,1
542,41,1
552,41,1
553,41,1
556,41,1
561,41,1
577,41,1
579,41,1
592,41,1
596,41,1
603,41,1
608,41,1
609,41,1
612,41,1
616,41,1
620,41,1
625,41,1
630,41,1
631,41,1
635,41,1
636,41,1
637,41,1
638,41,1
646,41,1
652,41,1
656,41,1
658,41,1
660,41,1
666,41,1
667,41,1
668,41,1
669,41,1
672,41,1
675,41,1
677,41,1
679,41,1
681,41,1
686,41,1
687,41,1
691,41,1
693,41,1
698,41,1
703,41,1
704,41,1
705,41,1
706,41,1
712,41,1
713,41,1
719,41,1
720,41,1
721,41,1
722,41,1
723,41,1
725,41,1
726,41,1
730,41,1
731,41,1
734,41,1
736,41,1
738,41,1
745,41,1
747,41,1
753,41,1
754,41,1
757,41,1
758,41,1
759,41,1
761,41,1
765,41,1
769,41,1
770,41,1
771,41,1
773,41,1
778,41,1
781,41,1
787,41,1
790,41,1
792,41,1
795,41,1
798,41,1
801,41,1
802,41,1
807,41,1
809,41,1
810,41,1
811,41,1
812,41,1
815,41,1
816,41,1
817,41,1
819,41,1
821,41,1
822,41,1
831,41,1
834,41,1
840,41,1
841,41,1
842,41,1
847,41,1
848,41,1
850,41,1
851,41,1
853,41,1
854,41,1
855,41,1
863,41,1
865,41,1
866,41,1
872,41,1
875,41,1
883,41,1
887,41,1
889,41,1
890,41,1
891,41,1
892,41,1
893,41,1
895,41,1
896,41,1
899,41,1
902,41,1
906,41,1
907,41,1
908,41,1
910,41,1
912,41,1
914,41,1
916,41,1
920,41,1
922,41,1
924,41,1
925,41,1
928,41,1
935,41,1
936,41,1
946,41,1
948,41,1
952,41,1
958,41,1
960,41,1
962,41,1
963,41,1
964,41,1
967,41,1
968,41,1
980,41,1
982,41,1
984,41,1
986,41,1
998,41,1
1,42,-0.538275506812105
2,42,12.3301938407017
6,42,-15.1820987525922
7,42,10.0642081547732
8,42,-3.69164710564514
9,42,4.36726737715868
10,42,14.2994812644135
14,42,-4.19423962675496
15,42,2.64897061367491
16,42,-27.0542934484814
18,42,0.837923735481303
23,42,8.56176527254194
24,42,-10.6289467287923
25,42,4.71883881164355
27,42,11.1220042345359
31,42,-3.88351156460614
33,42,-8.3907349938875
38,42,4.25444118185706
40,42,13.5062306405029
42,42,16.1398294697897
43,42,2.52640169250113
45,42,-8.35088112362789
47,42,16.9128943235641
56,42,7.22574845920921
57,42,9.43108520622398
58,42,12.1763967557621
63,42,10.4361924938738
64,42,-0.65786822362534
66,42,-11.7970831183523
68,42,-9.60419783855956
69,42,-5.36331325326344
75,42,8.6405468481717
77,42,11.5198146523611
80,42,1.32939689165999
86,42,-8.45439448872158
88,42,-5.3343875013109
89,42,17.1531792808235
90,42,-0.0529450436673032
98,42,2.62588536911292
99,42,2.7308259837762
104,42,7.25430154908726
105,42,-0.515189053500732
113,42,-11.0035398228319
116,42,3.32904195360565
118,42,6.64878244485691
126,42,12.4787928985427
127,42,-0.543314301029755
131,42,7.00623623124484
133,42,-16.6392392262288
136,42,15.6778211639771
139,42,2.48658910905606
140,42,-4.1881594923348
142,42,-23.9656867163605
147,42,7.61439223547602
153,42,4.18823314712438
162,42,-0.377459379955712
165,42,-7.75447133222054
167,42,2.31912553270506
169,42,0.580823519633906
173,42,-0.0382761157870325
177,42,2.64154165549771
181,42,3.65825919306253
182,42,11.502415271299
190,42,7.89289953503723
193,42,-15.8286107408467
194,42,4.27742676480267
196,42,-2.9481728409403
199,42,-0.820612560001597
202,42,8.21503709407303
203,42,-5.23003109683036
204,42,-6.82732541442694
205,42,-1.70454308097303
206,42,-0.622614484633025
208,42,11.9871683521838
209,42,5.05911616366195
213,42,-17.9301008643703
216,42,1.89909084029056
217,42,-1.18249527119957
218,42,-7.47023157623149
224,42,-0.316464019974127
225,42,-12.7334758068667
228,42,0.625008649841765
236,42,11.4185620716502
239,42,-12.3246908512962
253,42,-8.3816556753773
254,42,-2.15622874987904
257,42,-10.1134399620812
262,42,-9.41926001508588
263,42,10.6154057544368
265,42,-9.14008145454527
267,42,1.81365467593931
269,42,1.52692110424364
272,42,11.739039621721
275,42,-0.678618257904582
277,42,-11.9172637546848
280,42,-13.2921349074322
290,42,-10.0712823842674
291,42,6.82752453846574
293,42,3.35675110306154
294,42,8.01586635445818
295,42,-19.0817912651797
296,42,-9.09181460444619
297,42,-7.32326352276838
301,42,6.47791211839436
303,42,-4.56299113752735
304,42,11.8454260759518
305,42,5.35971163851464
307,42,0.103355593055879
311,42,1.76262811746026
313,42,16.2984192500844
314,42,-4.71041012957186
321,42,2.19047687428903
323,42,-6.41883909912346
326,42,8.87065357516087
329,42,-9.89875162638409
331,42,-12.0216649031324
340,42,-9.68812715527557
348,42,1.90901509571311
349,42,8.79795044033886
356,42,2.33881549345745
357,42,-8.53964539743473
358,42,-0.820809089610496
362,42,6.13511727886418
367,42,-12.8232030419476
368,42,13.0990829477759
369,42,8.93847398007039
370,42,4.89476986289112
373,42,4.17051336033481
375,42,-3.55047329261123
378,42,-17.5246928694612
379,42,6.65847341112956
381,42,-12.1759573653533
382,42,0.191850433376188
383,42,12.4471241789843
391,42,1.2249026830548
393,42,21.3985891172593
395,42,-6.29263230844965
399,42,-5.60931514563247
400,42,-3.89675500437796
403,42,0.208142006652806
407,42,-4.1071756840971
412,42,-2.94481475578298
420,42,1.52675951474421
422,42,-2.42223703912816
425,42,-7.84373309862179
427,42,-4.61332313074673
429,42,-1.62510204937919
434,42,1.61190884400867
437,42,4.81926850259256
441,42,8.88582538948069
442,42,-9.81241723084171
443,42,-2.45460438011523
446,42,8.70768574701002
447,42,9.42796424525715
451,42,-0.136139600990405
454,42,1.07962906835791
459,42,4.77087963014315
464,42,14.6262077081579
471,42,-1.56751771954525
472,42,6.60159918072151
473,42,2.15141909456711
475,42,9.2140215005224
476,42,0.644186776605478
478,42,-3.58431443524431
479,42,1.35860795771888
480,42,-23.2565753568245
482,42,3.00165662003385
484,42,-33.2992980552695
485,42,-6.70042233413096
486,42,15.1431865846254
488,42,-19.8424179460279
489,42,-27.2389341455374
492,42,-6.84192083223424
493,42,12.6929362730469
494,42,7.6542477255609
497,42,3.29390641283893
498,42,2.01535099826482
499,42,-0.627595898389644
503,42,21.092657316164
504,42,-2.12674036476707
509,42,-0.419460559909597
514,42,10.1172734089586
517,42,-5.13452918950267
519,42,-1.94224236225577
521,42,-2.53708748475327
525,42,-11.0645239028584
526,42,9.8033465773209
527,42,-6.12607404713701
531,42,-12.49581894664
532,42,-5.45583737906305
533,42,-5.69463535933298
534,42,18.2715335036162
535,42,1.04351899102911
537,42,8.16024120158169
538,42,2.84475143654336
541,42,16.4350771818379
542,42,5.7745469331916
552,42,8.24331461934617
553,42,5.2851759938937
556,42,-11.3329398268996
561,42,0.0354294622014495
577,42,-5.89292185674012
579,42,-1.94785051559708
592,42,-2.69386925446943
596,42,6.67989641081491
603,42,-9.13251500135716
608,42,12.2002782425353
609,42,-10.1895546236234
612,42,7.82636553036552
616,42,6.41026666537108
620,42,-1.03052591030986
625,42,-1.89905171631914
630,42,4.28321104917012
631,42,-4.71414186420211
635,42,8.70505284848208
636,42,-12.4028639167732
637,42,-9.25194493908682
638,42,-4.1112014412158
646,42,-8.72465805216937
652,42,7.33503355475069
656,42,7.25709952333572
658,42,1.77806071977877
660,42,1.02708706387624
666,42,-0.649532183117648
667,42,-4.14543686420124
668,42,-13.9657710193335
669,42,-14.106697911414
672,42,16.9574137136881
675,42,6.78131179191153
677,42,5.43124290830174
679,42,-5.29907008511067
681,42,14.863078248051
686,42,-3.35797585803424
687,42,5.49685142104071
691,42,-7.02206352531895
693,42,9.16088201104457
698,42,-16.5748278843782
703,42,-17.4240406279283
704,42,12.9106058713697
705,42,-11.4407739853627
706,42,-1.12772137084927
712,42,-8.94787282924252
713,42,-23.6412105430967
719,42,6.7652897432029
720,42,10.739840967147
721,42,-9.8450396173693
722,42,-4.04042514453302
723,42,-0.276769022909773
725,42,7.48902526527064
726,42,-13.942067913181
730,42,-5.07907474866077
731,42,-1.54008988330912
734,42,13.4014677183249
736,42,-14.5579673960321
738,42,-15.5150563250863
745,42,-22.5090541295249
747,42,7.20025093735018
753,42,7.25028972979243
754,42,0.299651420058146
757,42,1.45079883487605
758,42,8.36558870967417
759,42,-22.167234666018
761,42,-5.84200960499854
765,42,-2.3030470876385
769,42,-7.59955585060153
770,42,6.76580850129799
771,42,-6.65649927789089
773,42,11.0101317596265
778,42,19.8809329560897
781,42,0.216276308610553
787,42,10.64736442627
790,42,-11.7711304323942
792,42,-9.71801997696417
795,42,4.80403570331571
798,42,16.2975277029009
801,42,-13.6326707215274
802,42,0.359370056249881
807,42,-9.30317619308972
809,42,-3.51371330716869
810,42,-5.10939778891448
811,42,6.17861831358151
812,42,11.626917577005
815,42,7.17357169533952
816,42,-13.4948519819669
817,42,2.44766030721781
819,42,2.36393762095143
821,42,-10.2082886708948
822,42,-8.49698953168557
831,42,-6.13271260309533
834,42,-7.54512990917062
840,42,-5.86987795028899
841,42,-7.23472217839698
842,42,1.18673116956383
847,42,-1.08893676623956
848,42,8.0544808090198
850,42,2.77818297125414
851,42,-5.10225038199771
853,42,8.46959687982192
854,42,10.2766565641089
855,42,-7.33130191687206
863,42,-8.73275188155967
865,42,4.25230065831945
866,42,20.2378126723796
872,42,22.1210719976689
875,42,-12.9120526873249
883,42,11.4112400150658
887,42,-2.80724705724527
889,42,6.90368973429788
890,42,14.4710851732105
891,42,-1.5933391085753
892,42,-1.97719174112083
893,42,-6.45800110599845
895,42,2.18020423608397
896,42,-12.3710111707498
899,42,-11.4454367376302
902,42,5.17558031817056
906,42,-11.0756493625181
907,42,-2.0134210169737
908,42,6.69280813831521
910,42,3.57039486466438
912,42,-18.3552019893038
914,42,-1.31987089055428
916,42,5.2949288648111
920,42,-4.9177411893285
922,42,19.064667487824
924,42,-18.4725121769024
925,42,8.93182931496416
928,42,-0.607462492673542
935,42,-11.0448624964259
936,42,-5.49357303740425
946,42,-2.41785464102223
948,42,14.6407657443573
952,42,-16.6426864662819
958,42,-0.477093775005486
960,42,-5.19800849765606
962,42,-5.89778230369495
963,42,10.21832363277
964,42,-1.16000730149421
967,42,9.98448275064207
968,42,-9.64306168716341
980,42,27.2168730643847
982,42,5.23760938040897
984,42,7.56173911345442
986,42,6.32366681256456
998,42,14.7113732053835
3,43,1
19,43,1
28,43,1
29,43,1
32,43,1
34,43,1
37,43,1
41,43,1
44,43,1
46,43,1
49,43,1
51,43,1
53,43,1
54,43,1
70,43,1
71,43,1
72,43,1
74,43,1
79,43,1
83,43,1
84,43,1
85,43,1
93,43,1
94,43,1
97,43,1
102,43,1
103,43,1
106,43,1
107,43,1
108,43,1
109,43,1
110,43,1
120,43,1
121,43,1
122,43,1
128,43,1
135,43,1
138,43,1
141,43,1
143,43,1
146,43,1
149,43,1
151,43,1
154,43,1
155,43,1
156,43,1
157,43,1
158,43,1
160,43,1
172,43,1
175,43,1
176,43,1
179,43,1
180,43,1
184,43,1
185,43,1
189,43,1
195,43,1
197,43,1
198,43,1
201,43,1
207,43,1
210,43,1
212,43,1
219,43,1
220,43,1
221,43,1
222,43,1
223,43,1
226,43,1
227,43,1
229,43,1
230,43,1
232,43,1
233,43,1
238,43,1
241,43,1
242,43,1
245,43,1
247,43,1
250,43,1
251,43,1
252,43,1
258,43,1
259,43,1
260,43,1
270,43,1
271,43,1
274,43,1
276,43,1
278,43,1
279,43,1
282,43,1
283,43,1
285,43,1
287,43,1
288,43,1
289,43,1
298,43,1
299,43,1
300,43,1
308,43,1
309,43,1
310,43,1
312,43,1
316,43,1
317,43,1
318,43,1
322,43,1
327,43,1
330,43,1
333,43,1
335,43,1
338,43,1
339,43,1
341,43,1
343,43,1
345,43,1
352,43,1
353,43,1
355,43,1
360,43,1
361,43,1
364,43,1
366,43,1
380,43,1
384,43,1
386,43,1
389,43,1
390,43,1
392,43,1
394,43,1
398,43,1
401,43,1
404,43,1
405,43,1
410,43,1
415,43,1
416,43,1
417,43,1
423,43,1
430,43,1
431,43,1
432,43,1
436,43,1
439,43,1
440,43,1
444,43,1
448,43,1
449,43,1
450,43,1
460,43,1
461,43,1
466,43,1
467,43,1
470,43,1
474,43,1
477,43,1
481,43,1
483,43,1
487,43,1
490,43,1
491,43,1
500,43,1
502,43,1
505,43,1
510,43,1
511,43,1
513,43,1
516,43,1
523,43,1
528,43,1
530,43,1
536,43,1
560,43,1
562,43,1
563,43,1
564,43,1
568,43,1
570,43,1
572,43,1
573,43,1
578,43,1
580,43,1
581,43,1
582,43,1
584,43,1
586,43,1
587,43,1
593,43,1
594,43,1
597,43,1
599,43,1
601,43,1
602,43,1
606,43,1
611,43,1
614,43,1
617,43,1
619,43,1
622,43,1
623,43,1
628,43,1
629,43,1
644,43,1
645,43,1
647,43,1
653,43,1
654,43,1
659,43,1
661,43,1
662,43,1
665,43,1
670,43,1
680,43,1
682,43,1
684,43,1
690,43,1
694,43,1
695,43,1
699,43,1
701,43,1
702,43,1
707,43,1
710,43,1
711,43,1
716,43,1
717,43,1
729,43,1
737,43,1
740,43,1
742,43,1
743,43,1
744,43,1
746,43,1
749,43,1
755,43,1
763,43,1
766,43,1
767,43,1
768,43,1
776,43,1
777,43,1
779,43,1
782,43,1
784,43,1
785,43,1
789,43,1
793,43,1
794,43,1
799,43,1
800,43,1
804,43,1
805,43,1
806,43,1
818,43,1
820,43,1
825,43,1
830,43,1
837,43,1
839,43,1
843,43,1
844,43,1
852,43,1
859,43,1
862,43,1
868,43,1
869,43,1
871,43,1
873,43,1
874,43,1
877,43,1
880,43,1
884,43,1
886,43,1
897,43,1
901,43,1
909,43,1
917,43,1
923,43,1
926,43,1
927,43,1
929,43,1
931,43,1
932,43,1
933,43,1
937,43,1
939,43,1
943,43,1
944,43,1
945,43,1
947,43,1
954,43,1
955,43,1
956,43,1
957,43,1
961,43,1
965,43,1
966,43,1
969,43,1
970,43,1
971,43,1
973,43,1
974,43,1
978,43,1
985,43,1
988,43,1
990,43,1
993,43,1
995,43,1
3,44,-5.5461436361694
19,44,-0.558285190090719
28,44,1.85881187278236
29,44,-9.49079659901398
32,44,11.4099537433305
34,44,-11.3368342065474
37,44,3.36019763624376
41,44,-3.5512862712334
44,44,-5.32989557753521
46,44,-10.2760521870093
49,44,10.492993246847
51,44,4.90808674377546
53,44,-3.62914671752636
54,44,13.2248924985688
70,44,-3.8033957167332
71,44,-1.65616219987943
72,44,-4.39930698759284
74,44,16.4553270526518
79,44,23.0485808028901
83,44,-18.4545025700502
84,44,-6.57630297283056
85,44,-4.03443052363347
93,44,-1.23197336861814
94,44,11.5421828956165
97,44,-5.30504027822505
102,44,-7.66040026605711
103,44,-25.3295792399415
106,44,7.09270118397308
107,44,-4.89869896869468
108,44,-1.24817735483915
109,44,-11.5273988236735
110,44,11.0735456689527
120,44,1.19122295869389
121,44,13.3895118877002
122,44,4.02293999183917
128,44,17.1403438034966
135,44,5.39468957014483
138,44,0.71120588873215
141,44,0.971257047741789
143,44,12.0570617600103
146,44,6.86652179079721
149,44,-0.831432521203825
151,44,0.451781357999952
154,44,0.597121740571919
155,44,13.4965439973639
156,44,-16.6983232392988
157,44,-17.2530999425579
158,44,0.667594026724323
160,44,3.57539083529283
172,44,-12.9386983285457
175,44,-17.942118230929
176,44,9.85878102579805
179,44,-5.53258994489615
180,44,-9.2864941206472
184,44,-12.8372003828093
185,44,9.36577452645133
189,44,-0.55553731207164
195,44,-8.25792159032744
197,44,-16.0001043188566
198,44,0.622483303269257
201,44,-14.9924393160026
207,44,-12.4442073242094
210,44,-0.298649536857784
212,44,-9.33896291858958
219,44,-12.4453535260206
220,44,7.89226293942622
221,44,11.184952967956
222,44,5.01193900168121
223,44,-11.8353333924821
226,44,5.3108163003341
227,44,7.31893581546736
229,44,-15.689711564698
230,44,-0.596757176879914
232,44,21.3686560396149
233,44,-6.05364290110961
238,44,6.64156413470758
241,44,-12.4946040159023
242,44,17.1524428647374
245,44,-0.974037538953357
247,44,-7.38200723433065
250,44,-18.5684259148787
251,44,-12.2574947781946
252,44,7.8737304675021
258,44,-5.54353228241363
259,44,13.4686550729652
260,44,3.06742335899118
270,44,12.3264561195145
271,44,-4.4666382356412
274,44,-8.72155705103987
276,44,-2.73963517755697
278,44,6.9514899597961
279,44,-7.50426718452979
282,44,18.8321752297976
283,44,-2.19195497688948
285,44,2.31363331039423
287,44,-17.7621274927035
288,44,-7.53509598222586
289,44,4.55801560200969
298,44,8.10253648790058
299,44,-2.90181219846124
300,44,-10.4494837399858
308,44,-12.8201682615245
309,44,-6.79236530965738
310,44,12.0345200200258
312,44,-5.88420203973191
316,44,-3.18438833819566
317,44,-9.00538627584889
318,44,-9.30888038231367
322,44,0.64607070013269
327,44,8.76094758516535
330,44,-4.38128564457415
333,44,10.7653404016526
335,44,3.04354476301085
338,44,3.40953040555307
339,44,14.7857594604565
341,44,-7.60068997652574
343,44,-3.46735614617751
345,44,12.4303320326242
352,44,-10.1087261353564
353,44,12.8584969288944
355,44,-16.1166204445764
360,44,3.23593017333903
361,44,0.0577849713370348
364,44,7.88397192073316
366,44,-5.27164290053064
380,44,-6.51819429861401
384,44,-5.88121659378815
386,44,13.5324245051719
389,44,10.1560953456545
390,44,9.44319626446391
392,44,-14.4282891168886
394,44,4.65735353339763
398,44,18.7932561535873
401,44,-4.05160039374454
404,44,-6.88347844218511
405,44,0.985343771034133
410,44,-6.08365019478606
415,44,-12.0086624671941
416,44,7.32938006593591
417,44,-3.55231194905214
423,44,-12.8702010285516
430,44,6.19844928139845
431,44,1.77838219472469
432,44,4.02552553653744
436,44,4.224300782222
439,44,15.4815792644138
440,44,-8.22294880465764
444,44,10.1988588618943
448,44,-21.6799126481288
449,44,6.9214385229031
450,44,-1.16454932254346
460,44,-1.50081152979358
461,44,12.4782279522805
466,44,-3.3092088294957
467,44,24.0917795322573
470,44,-6.02676273032747
474,44,-10.5617775372747
477,44,-2.3887748878457
481,44,-15.0111412704895
483,44,0.0869133416614979
487,44,4.94515819911017
490,44,14.8439353915567
491,44,-5.35833517202267
500,44,-13.0064319759084
502,44,-11.7319848693913
505,44,-1.92095522767083
510,44,-15.1692032700628
511,44,-11.7379719650537
513,44,0.221180998159828
516,44,9.3459658282295
523,44,1.08593765380915
528,44,3.98988693127835
530,44,-3.02985733686601
536,44,-15.9919013793516
560,44,-15.8303896897113
562,44,8.08225824675138
563,44,-3.18601166690088
564,44,-15.1235540147821
568,44,15.520902695371
570,44,14.2865525575027
572,44,-8.33281240047047
573,44,-8.79129446225803
578,44,-7.5512103499286
580,44,0.901224675618956
581,44,2.42662621921216
582,44,16.666049364638
584,44,15.7563267872414
586,44,-3.4148294830425
587,44,11.8013199630081
593,44,6.78036533470582
594,44,13.6443056144652
597,44,3.34808681274882
599,44,-1.70142296591972
601,44,7.5565353513532
602,44,-23.5340901457601
606,44,18.0768971038368
611,44,4.87158844260751
614,44,4.39870409142099
617,44,1.7949509151915
619,44,-16.1305413717655
622,44,12.302559662728
623,44,4.63143884821774
628,44,-0.0716107999627895
629,44,8.66979636228329
644,44,-4.38188693305105
645,44,10.418729361651
647,44,9.53205905234448
653,44,-2.32668633740705
654,44,12.3895762691894
659,44,-7.15410310602937
661,44,-7.38497627239902
662,44,19.6437349975382
665,44,-1.5787535812318
670,44,-0.861153034885315
680,44,-8.79041343262735
682,44,5.80406654228319
684,44,-12.2287854880902
690,44,15.2335802417336
694,44,-0.887179719559763
695,44,-3.59098247379396
699,44,0.328074917283867
701,44,5.47894766942161
702,44,6.0339099182201
707,44,16.9531793770631
710,44,-8.62289937586526
711,44,5.03486875253732
716,44,-22.9887415971657
717,44,4.89700295141031
729,44,6.57972684655283
737,44,-1.19109563644011
740,44,-0.15344049186091
742,44,-17.745387282871
743,44,-13.5537004350933
744,44,3.74920960005929
746,44,-3.24536503019082
749,44,14.8584555310806
755,44,4.90440594486393
763,44,11.2105807793164
766,44,7.84179575900044
767,44,-9.64503973417694
768,44,-9.02436175784985
776,44,-13.8216248634049
777,44,-0.0154080278829603
779,44,6.55278391678642
782,44,-8.27478236484296
784,44,5.30496190568258
785,44,17.5732250977083
789,44,5.73042156391698
793,44,-0.689921644323122
794,44,15.1784960883726
799,44,-9.8861701418865
800,44,-1.07912907594448
804,44,16.3732032710715
805,44,1.951754300104
806,44,12.5588753046111
818,44,3.43573160637987
820,44,-6.76476016426111
825,44,-3.75240327010943
830,44,21.0598112029395
837,44,-0.515143555233021
839,44,4.34251651935005
843,44,14.9913290204335
844,44,-8.43354592138851
852,44,0.517556262469772
859,44,8.31976673619661
862,44,7.28325664845995
868,44,-7.95570184024054
869,44,-5.46501357030171
871,44,-2.84260496680076
873,44,8.82795945687521
874,44,-7.48600902232737
877,44,14.5643084100455
880,44,-10.3313478533278
884,44,-7.57396714394727
886,44,2.5467649278982
897,44,-20.4956422812598
901,44,24.0689866045724
909,44,-6.88678336504877
917,44,3.99390047372919
923,44,2.98933700153584
926,44,4.99170650060218
927,44,-2.78401526273765
929,44,3.80978785998982
931,44,18.5558802562189
932,44,-10.3205464471956
933,44,12.7490156264584
937,44,-5.31687007447284
939,44,-3.64989087864565
943,44,5.84396448303948
944,44,0.572548382547738
945,44,-7.8717124393148
947,44,-7.00538079328291
954,44,3.4149913484146
955,44,-4.58823793244924
956,44,-1.84289980329348
957,44,-4.67121143570862
961,44,-4.95997000273536
965,44,-8.64217476992903
966,44,-3.8917397632556
969,44,-16.7868837661113
970,44,-0.2432517610517
971,44,1.09061223743755
973,44,11.9702743899259
974,44,18.3762467063174
978,44,0.254419865148868
985,44,13.0966263634766
988,44,8.42939703306482
990,44,2.1436129710942
993,44,-11.9615694285034
995,44,5.12939422195103
4,45,1
5,45,1
11,45,1
12,45,1
13,45,1
17,45,1
20,45,1
21,45,1
22,45,1
26,45,1
30,45,1
35,45,1
36,45,1
39,45,1
48,45,1
50,45,1
52,45,1
55,45,1
59,45,1
60,45,1
61,45,1
62,45,1
65,45,1
67,45,1
73,45,1
76,45,1
78,45,1
81,45,1
82,45,1
87,45,1
91,45,1
92,45,1
95,45,1
96,45,1
100,45,1
101,45,1
111,45,1
112,45,1
114,45,1
115,45,1
117,45,1
119,45,1
123,45,1
124,45,1
125,45,1
129,45,1
130,45,1
132,45,1
134,45,1
137,45,1
144,45,1
145,45,1
148,45,1
150,45,1
152,45,1
159,45,1
161,45,1
163,45,1
164,45,1
166,45,1
168,45,1
170,45,1
171,45,1
174,45,1
178,45,1
183,45,1
186,45,1
187,45,1
188,45,1
191,45,1
192,45,1
200,45,1
211,45,1
214,45,1
215,45,1
231,45,1
234,45,1
235,45,1
237,45,1
240,45,1
243,45,1
244,45,1
246,45,1
248,45,1
249,45,1
255,45,1
256,45,1
261,45,1
264,45,1
266,45,1
268,45,1
273,45,1
281,45,1
284,45,1
286,45,1
292,45,1
302,45,1
306,45,1
315,45,1
319,45,1
320,45,1
324,45,1
325,45,1
328,45,1
332,45,1
334,45,1
336,45,1
337,45,1
342,45,1
344,45,1
346,45,1
347,45,1
350,45,1
351,45,1
354,45,1
359,45,1
363,45,1
365,45,1
371,45,1
372,45,1
374,45,1
376,45,1
377,45,1
385,45,1
387,45,1
388,45,1
396,45,1
397,45,1
402,45,1
406,45,1
408,45,1
409,45,1
411,45,1
413,45,1
414,45,1
418,45,1
419,45,1
421,45,1
424,45,1
426,45,1
428,45,1
433,45,1
435,45,1
438,45,1
445,45,1
452,45,1
453,45,1
455,45,1
456,45,1
457,45,1
458,45,1
462,45,1
463,45,1
465,45,1
468,45,1
469,45,1
495,45,1
496,45,1
501,45,1
506,45,1
507,45,1
508,45,1
512,45,1
515,45,1
518,45,1
520,45,1
522,45,1
524,45,1
529,45,1
539,45,1
540,45,1
543,45,1
544,45,1
545,45,1
546,45,1
547,45,1
548,45,1
549,45,1
550,45,1
551,45,1
554,45,1
555,45,1
557,45,1
558,45,1
559,45,1
565,45,1
566,45,1
567,45,1
569,45,1
571,45,1
574,45,1
575,45,1
576,45,1
583,45,1
585,45,1
588,45,1
589,45,1
590,45,1
591,45,1
595,45,1
598,45,1
600,45,1
604,45,1
605,45,1
607,45,1
610,45,1
613,45,1
615,45,1
618,45,1
621,45,1
624,45,1
626,45,1
627,45,1
632,45,1
633,45,1
634,45,1
639,45,1
640,45,1
641,45,1
642,45,1
643,45,1
648,45,1
649,45,1
650,45,1
651,45,1
655,45,1
657,45,1
663,45,1
664,45,1
671,45,1
673,45,1
674,45,1
676,45,1
678,45,1
683,45,1
685,45,1
688,45,1
689,45,1
692,45,1
696,45,1
697,45,1
700,45,1
708,45,1
709,45,1
714,45,1
715,45,1
718,45,1
724,45,1
727,45,1
728,45,1
732,45,1
733,45,1
735,45,1
739,45,1
741,45,1
748,45,1
750,45,1
751,45,1
752,45,1
756,45,1
760,45,1
762,45,1
764,45,1
772,45,1
774,45,1
775,45,1
780,45,1
783,45,1
786,45,1
788,45,1
791,45,1
796,45,1
797,45,1
803,45,1
808,45,1
813,45,1
814,45,1
823,45,1
824,45,1
826,45,1
827,45,1
828,45,1
829,45,1
832,45,1
833,45,1
835,45,1
836,45,1
838,45,1
845,45,1
846,45,1
849,45,1
856,45,1
857,45,1
858,45,1
860,45,1
861,45,1
864,45,1
867,45,1
870,45,1
876,45,1
878,45,1
879,45,1
881,45,1
882,45,1
885,45,1
888,45,1
894,45,1
898,45,1
900,45,1
903,45,1
904,45,1
905,45,1
911,45,1
913,45,1
915,45,1
918,45,1
919,45,1
921,45,1
930,45,1
934,45,1
938,45,1
940,45,1
941,45,1
942,45,1
949,45,1
950,45,1
951,45,1
953,45,1
959,45,1
972,45,1
975,45,1
976,45,1
977,45,1
979,45,1
981,45,1
983,45,1
987,45,1
989,45,1
991,45,1
992,45,1
994,45,1
996,45,1
997,45,1
999,45,1
1000,45,1
4,46,-5.43235586841435
5,46,-17.0740201807257
11,46,7.9974972882869
12,46,-8.29845980862343
13,46,8.0952988193909
17,46,-18.2711184659976
20,46,7.04275498039353
21,46,8.70464743320994
22,46,-10.6373130045636
26,46,-2.13490530907023
30,46,-10.1688188295428
35,46,2.83802392041228
36,46,-9.71854069164804
39,46,-2.79359459477394
48,46,-2.05705198531484
50,46,4.20689622228671
52,46,3.21830912392039
55,46,-0.0162040142646545
59,46,-6.12068841284604
60,46,-5.85750755285829
61,46,-9.49840480764525
62,46,1.31346309882123
65,46,-24.4157028839148
67,46,-6.3504810915941
73,46,-15.4608152288673
76,46,6.48008649749045
78,46,12.0445484950826
81,46,-13.1010423311106
82,46,9.17617304086106
87,46,-0.912208282702228
91,46,-2.58775780982365
92,46,5.26018620158341
95,46,-11.7674318883576
96,46,-14.6946819598605
100,46,-9.8603445726204
101,46,19.7599806802452
111,46,0.839115308685613
112,46,17.3950534689878
114,46,-0.323844723149161
115,46,-2.77082424133394
117,46,-0.0550699603820836
119,46,0.915362820895879
123,46,-5.35231659343062
124,46,-15.9127307364564
125,46,5.73362291743184
129,46,4.12956796030247
130,46,8.39399003812043
132,46,27.1846786395094
134,46,-2.52990252681883
137,46,-5.7858102320173
144,46,11.6893814971848
145,46,9.87530465039554
148,46,-8.23038842417491
150,46,16.719332330919
152,46,-0.795788744309822
159,46,11.4945467447139
161,46,12.8975799358692
163,46,-14.7888579340778
164,46,7.53831809394045
166,46,-1.6057642402368
168,46,-2.15946491031656
170,46,11.3167097798588
171,46,-15.4138557354551
174,46,3.74665505832672
178,46,3.07328766221911
183,46,19.9347937917512
186,46,1.67778532210435
187,46,5.06173880836542
188,46,4.47168596669411
191,46,5.7199388147979
192,46,-1.88392018110664
200,46,-12.5916714580289
211,46,7.82273327906197
214,46,22.6674950899096
215,46,-5.67018824652052
231,46,5.99373761895963
234,46,-7.98442420672911
235,46,13.3842857254155
237,46,-11.5036049867211
240,46,-12.1086522565345
243,46,-2.29792335566263
244,46,-6.28904689695463
246,46,8.74766046288722
248,46,-0.0347636874420927
249,46,-3.49794471570078
255,46,-4.51621242288964
256,46,-7.6796623370728
261,46,-0.152689156400123
264,46,15.5394083014656
266,46,12.5562546568264
268,46,10.8612553305592
273,46,4.48527452287469
281,46,-13.9292195686253
284,46,-6.43166610724094
286,46,7.04991767537734
292,46,13.5903466446955
302,46,-16.2239350390425
306,46,14.4949593369352
315,46,-0.482700199621138
319,46,-1.10451576433527
320,46,-4.35030933498268
324,46,11.4688485158304
325,46,-10.7903944465079
328,46,1.39233595999752
332,46,3.74299514406348
334,46,-17.071929419636
336,46,11.3922750453156
337,46,1.9801381789057
342,46,5.02513888909623
344,46,-10.2991413416098
346,46,4.91090974569933
347,46,-18.9358177714884
350,46,-1.03099055015432
351,46,10.1488506951877
354,46,12.1488436176378
359,46,3.1170288665078
363,46,4.31012683692144
365,46,-5.28678092129816
371,46,-19.2698736041253
372,46,-3.60292194729847
374,46,-4.74114957272892
376,46,18.6390102870801
377,46,-3.68532057253133
385,46,-8.71011112440086
387,46,3.81586475872507
388,46,15.9019801742651
396,46,3.63157571820371
397,46,-7.14282118182313
402,46,11.8213310010925
406,46,9.7560089448113
408,46,-0.386631334922305
409,46,10.9308450076928
411,46,0.0515078465380649
413,46,-9.176833636096
414,46,-15.2567863426891
418,46,-9.37432161637145
419,46,-6.41955151487558
421,46,9.13216529395787
424,46,-3.10334068531122
426,46,5.44384138434818
428,46,7.63658887142309
433,46,7.09732783900412
435,46,-4.62219042422213
438,46,-8.78619199301129
445,46,-5.83827439882875
452,46,-3.71643821467196
453,46,-10.5797998367754
455,46,-2.54598372856629
456,46,-0.177707478268913
457,46,-15.3661734064099
458,46,-2.6479390650489
462,46,-1.66965688737983
463,46,-7.68073876101669
465,46,-0.775790524018094
468,46,-2.65881814415344
469,46,0.933420617203404
495,46,12.6644247428645
496,46,8.66886890471335
501,46,13.9513723810171
506,46,-5.67927665133173
507,46,4.2786235377406
508,46,1.48698415031666
512,46,6.75813933361102
515,46,-3.41140087601222
518,46,19.2651352397581
520,46,-1.86464826234745
522,46,1.61229617263556
524,46,-12.409909515935
529,46,4.78507849301735
539,46,3.6090712489075
540,46,9.55467372875145
543,46,-0.81563824129289
544,46,-5.32182852248041
545,46,17.7957173943241
546,46,-17.0102690905677
547,46,-1.59019693883369
548,46,-24.917565900078
549,46,6.66266273950607
550,46,5.77698457022622
551,46,10.6773126426476
554,46,2.5917195329156
555,46,-4.71283336699819
557,46,1.60369692191736
558,46,1.5609214218323
559,46,6.72633598578166
565,46,-12.7164747231711
566,46,-7.02847758116143
567,46,-5.62479585503569
569,46,-9.70134329790048
571,46,4.58330094420369
574,46,-6.76024754990698
575,46,-3.81157498659278
576,46,7.16620589624389
583,46,-7.62309796630308
585,46,0.781546948529901
588,46,11.8395898924925
589,46,8.21288065092507
590,46,3.46074641911591
591,46,0.154499839917884
595,46,4.07394431243689
598,46,-17.4976353160259
600,46,7.88051590961418
604,46,-0.688337695948269
605,46,-10.9455818380045
607,46,11.340350676868
610,46,-4.84862811917778
613,46,11.2901939129439
615,46,7.80819438900454
618,46,6.97004458019841
621,46,5.77608662633441
624,46,-8.45642142810503
626,46,18.5604809481912
627,46,18.8626624065591
632,46,-7.65215140294969
633,46,-2.17673295264118
634,46,-5.09495633897642
639,46,-4.68502942047086
640,46,5.28937542568123
641,46,-13.9081347861283
642,46,6.25870976560905
643,46,-4.90511520342014
648,46,5.06743800783185
649,46,-7.80085048305467
650,46,-0.176635285207161
651,46,12.6281127170017
655,46,8.61196718327412
657,46,-5.21572847057145
663,46,6.27195512583846
664,46,-10.0131476380982
671,46,7.80421019768514
673,46,9.89073760758233
674,46,-14.5434661275821
676,46,-3.87952408551888
678,46,-0.88488056765439
683,46,8.94422361925009
685,46,-2.99059222389868
688,46,4.73674213555244
689,46,14.3950475941204
692,46,-0.590204868962867
696,46,-0.231600351503033
697,46,20.5193771166984
700,46,-1.71810266384108
708,46,9.10934320711814
709,46,-6.24882801120071
714,46,0.960413125204753
715,46,-13.5516637205911
718,46,5.35599714468094
724,46,-14.3247310618944
727,46,-9.86930400729463
728,46,-9.47073407297732
732,46,9.36804557830691
733,46,-2.69830781830852
735,46,-11.8012191501334
739,46,-5.26627813641296
741,46,10.2731779827199
748,46,-1.27311431831357
750,46,-11.3038601449526
751,46,-15.8205000421728
752,46,1.53081317828333
756,46,-8.72421579571857
760,46,-6.48046071556039
762,46,6.96047389286799
764,46,3.35678105479327
772,46,6.60874558690428
774,46,1.67390991094677
775,46,-7.7608882896269
780,46,-7.25863241778376
783,46,17.4866533153699
786,46,6.2989668379006
788,46,-3.65431950356767
791,46,20.3964370903068
796,46,-3.72617378972819
797,46,1.0913923510779
803,46,-8.557827939109
808,46,-21.5594871935471
813,46,3.33824232127057
814,46,-4.68717496957184
823,46,3.10308821852389
824,46,-13.1115699709903
826,46,-16.9872338234065
827,46,7.86701251603051
828,46,-7.69637177525706
829,46,4.47978977467196
832,46,-0.0943512731665898
833,46,18.1644601092694
835,46,-7.4015360931832
836,46,-1.31620908342628
838,46,13.3820250694515
845,46,3.89046650471488
846,46,0.205593117427564
849,46,-11.2756458728936
856,46,11.7743972038265
857,46,10.0907769534427
858,46,26.45292183974
860,46,11.553503558214
861,46,-4.48566638323688
864,46,-5.47554713641692
867,46,0.860018499527111
870,46,-9.08747750067253
876,46,-2.1379648533096
878,46,-5.05718945115169
879,46,-10.9651789514036
881,46,1.52051443027147
882,46,2.95905492194413
885,46,-19.3468302958786
888,46,-2.48367790496954
894,46,12.6440613264036
898,46,1.37385787544986
900,46,-14.9955144324442
903,46,8.00864762608953
904,46,6.94402344282284
905,46,8.46082111358491
911,46,3.35237989923249
913,46,14.219111093319
915,46,-36.681081673563
918,46,6.83489027457475
919,46,11.6847110692218
921,46,-4.02447349508185
930,46,-4.68806128003003
934,46,2.17756738482513
938,46,-4.67861886651132
940,46,20.8199635299786
941,46,10.1156163143887
942,46,0.928943818708119
949,46,-11.0686250011118
950,46,7.5753530386743
951,46,-3.15324243781349
953,46,0.189199411472269
959,46,2.30793392382127
972,46,16.0871351947496
975,46,-1.79455183102713
976,46,2.98868047508468
977,46,6.55970600384097
979,46,-2.95387139519766
981,46,-2.43690921588534
983,46,12.110364659923
987,46,15.1064542345647
989,46,15.9080814732982
991,46,-8.8034462891257
992,46,-4.02423800653448
994,46,1.01359344956762
996,46,-20.1330598545615
997,46,-10.9958332115132
999,46,-5.53522605079008
1000,46,6.9804806850059
